codigo,mensaje 1,mensaje 2,mensaje 3,mensaje 4,mensaje 5,mensaje 6
a1,EL DICTAMEN VALE 22600,SINPE AL 60023618,"Me envía la foto del depósito, foto de la cita, foto de la cédula y el siguiente formulario lleno con sus datos","💡💡💡DICTAMEN DE LICENCIAS 💡💡💡

🩸1) Nombre completo:

🩸2) Cédula:

🩸3) Edad:

🩸4) Estado civil:

🩸5) Ocupación:

🩸6) Provincia, cantón, dirección:

🩸7) Número de WhatsApp:

🩸8) Correo:

🩸9) Estatura:

🩸10) Peso:

🩸11) Mano dominante:

🩸12) Toma algún medicamento?

🩸13) Padece de alguna enfermedad ?

🩸14) Desea el dictamen para licencia A o B o todas:?

🩸15) Usa anteojos permanentes?:

🩸16) Autoriza ser donador en caso de accidente (si o no):

🩸17) Toma licor o fuma activamente:

🩸18) Nacionalidad:

🩸19) Tiene algún tipo de discapacidad auditiva ? Si la respuesta es SI, indicar en qué oído utiliza audífonos:

🩸20) Presenta algún tipo de discapacidad ? Si la respuesta es SI indicar lo sucedido ? Y desde hace cuánto tiempo lo presenta?:

🩸21) Lo necesita renovar, hacer prueba de manejo o para permiso de conducir?:

👩 ⚕Asesor: ENRIQUE GUZMÁN 👩 ⚕",record=a2=7200,reporte=contestaron al mensaje de dictamen de licencias
a1_1,EL DICTAMEN VALE 22600,SINPE AL 61103205,"Me envía la foto del depósito, foto de la cita, foto de la cédula y el siguiente formulario lleno con sus datos","💡💡💡DICTAMEN DE LICENCIAS 💡💡💡

🩸1) Nombre completo:

🩸2) Cédula:

🩸3) Edad:

🩸4) Estado civil:

🩸5) Ocupación:

🩸6) Provincia, cantón, dirección:

🩸7) Número de WhatsApp:

🩸8) Correo:

🩸9) Estatura:

🩸10) Peso:

🩸11) Mano dominante:

🩸12) Toma algún medicamento?

🩸13) Padece de alguna enfermedad ?

🩸14) Desea el dictamen para licencia A o B o todas:?

🩸15) Usa anteojos permanentes?:

🩸16) Autoriza ser donador en caso de accidente (si o no):

🩸17) Toma licor o fuma activamente:

🩸18) Nacionalidad:

🩸19) Tiene algún tipo de discapacidad auditiva ? Si la respuesta es SI, indicar en qué oído utiliza audífonos:

🩸20) Presenta algún tipo de discapacidad ? Si la respuesta es SI indicar lo sucedido ? Y desde hace cuánto tiempo lo presenta?:

🩸21) Lo necesita renovar, hacer prueba de manejo o para permiso de conducir?:

👩 ⚕Asesor: ENRIQUE GUZMÁN 👩 ⚕",record=a2=7200,reporte=contestaron al mensaje de dictamen de licencias
a2,"📌Hola!!!

No me envió el formulario con los datos y la información que ocupo para gestionar su dictamen",reporte=respondieron recordatorio sobre dictamen,,,,
b1,"Hola!!!

Ofrecemos el servicio de clases de manejo personalizadas. Las clases las ocupas en Liberia???",record=b4=7200,,,,
b2,"Excelente!!!

Acá le envío el precio de los paquetes disponibles y el
enlace a nuestra agenda para reservar su espacio","💡💡💡 Contamos con 3 opciones para la contratación de clases de manejo.

✒ Clase individual: la hora de clase de manejo vale 15 mil.
Se paga la totalidad al inicio de la lección

✒Paquete de 5 horas: el valor de este paquete es de 70 mil colones.
Se paga la mitad (35 mil colones) al inicio de la primera lección y el restante (los otros 35 mil colones) al inicio de la tercera lección

✒ Paquete de 10 horas: el valor de este paquete es de 130 mil colones.
Se paga la mitad (65 mil colones) al inicio de la primera lección y el resto (los otros 65 mil colones) al inicio de la quinta lección.

Por favor utilice este enlace para agendar su clase de
manejo en Liberia

https://calendly.com/clasesdemanejo/clases",record=b3=7200,reporte=contestaron al mensaje de clases de manejo,,
b3,"📌 Hola!!!

Pudo llenar el formulario para agendar su clase???",reporte=respondieron recordatorio sobre clase de manejo,,,,
b4,"📌 Hola!!!

Dime en cual sede ocupas tus clases",,,,,
b5,"🛡🛡🛡 Contamos con 3 opciones para la contratación de clases de manejo.

✒ Clase individual: la hora de clase de manejo vale 15650.
🎯 Se reserva con 5650 y el resto del dinero se paga en efectivo el día de la preparación
🎯 Sinpe al 60023618

✒Paquete de 5 horas: el valor de este paquete es de 72600 colones.
🎯 Se reserva con 22600 colones
🎯 Se paga 20 mil colones al inicio de la primera lección y el restante (los otros 30 mil colones) al inicio de la tercera lección.
🎯 Sinpe al 60023618

✒ Paquete de 10 horas: el valor de este paquete es de 133900 colones.
🎯 Se reserva con 33900 colones
🎯 Se paga 40 mil colones al inicio de la primera lección y el resto (los otros 60 mil colones) al inicio de la quinta lección.
🎯 Sinpe al 60023618","Me envía la foto del depósito para coordinar la
atención",record=b6=7200,reporte=contestaron al ultimo mensaje de clases de manejo,,
b6,"📌 Hola!!!

Envíeme la foto del depósito para poder coordinarle la enseñanza de manejo",reporte=respondieron recordatorio de clase de manejo,,,,
c1,"Hola!!!

Gracias por tu mensaje

Mi nombre es Enrique Guzmán y estaré pendiente de su proceso de obtención de licencias",Ya tiene el teórico ganado???,record=c2=7200,,,
c2,"📌 Hola!!!

No recibí tu respuesta

Ya tiene el teórico ganado???",,,,,
c3,"Excelente. Muchas felicidades.

Ya tiene cita agendada para la prueba de manejo???",record=c6=7200,,,,
c4,"Nosotros ofrecemos el servicio de preparación y citas para el examen teórico.

Donde vives???",record=c5=7200,,,,
c5,"📌 Hola!!!

Le agradezco mucho que me indique en cual ciudad es que va a realizar su curso teórico",,,,,
c6,"📌 Hola!!!

No recibí tu respuesta

Ya tiene cita agendada para la prueba de manejo???",,,,,
c35,Donde es su prueba de manejo???,record=c10=7200,,,,
c7,"No hay problema!!!

Yo le puedo ayudar con la cita","💡💡💡 Por favor llenar el formulario de solicitud de citas para prueba de manejo

En la pregunta que dice *""""INGRESO COSEVI""""* debe poner su clave de usuario

https://forms.gle/kTgfYQhHKJ1Tfzkj7",record=c8=7200,"reporte=contestaron al mensaje sobre formulario de solicitud de citas para prueba de manejo, revisar",,
c8,📌 Pudo completar la información que se pide en el formulario para agendar la cita???,record=c9=7200,reporte=contestaron el recordatorio para el formulario para agendar cita,,,
c9,"📌 Hola!!!

No me dijo si pudo llenar el formulario para agendar su cita",reporte=contestaron el recordatorio para el formulario para agendar cita,,,,
c10,"📌 Hola!!!

Le agradezco mucho si si me dice en cual sede es su prueba de manejo???",,,,,
c11,La licencia que usted va a sacar es moto o carro???,,,,,
c12,La licencia que usted va a sacar es moto o carro???,,,,,
c13,"💡💡💡Hola!!!

Tenemos el siguiente paquete para alquilar su vehículo para prueba de manejo. Si no tiene cita para prueba le ayudamos con la programación de manera gratuita.

🎯 *PAQUETE VIP* 🎯

*VALOR:* 40 mil colones

*VEHÍCULO:* Smart eléctrico o Spark automático gasolina (Dependiendo de la disponibilidad)

Incluye:

*PREVIO:*

🚙 Clase de preparación que es para practicar conos, reversa, salida del plantel, direccionales y la manera correcta de hacer el alto en la salida del plantel  
🚙 Recorrido explicativo de la ruta oficial que hace el evaluador.

🇨🇷 *Notas a considerar:* 🇨🇷  
👉📒*A)* La duración de la preparación es de 50 minutos en total  
👉📒*B)* La preparación de este paquete debe hacerse agendando vía formulario  
👉📒*C)* En este paquete se incluye enseñanza de manejo en carro automático. En caso que el usuario no tenga experiencia en el manejo de vehículos automáticos.  
👉📒*D)* Explicación de luces y simulación de la revisión del vehículo

🖊 El dinero se cancela en efectivo.

Envíeme el pdf de su cita para hacer la reservación","💡💡💡 Hola!!!

El paquete que deseas incluye una preparación qué consiste en:

🌺 Recorrido visual explicativo de la ruta  
🌺 Revisión y aprendizaje del sistema de luces que hace el evaluador previo al inicio de la prueba  
🌺 Práctica en plantel de conos  

Por favor elije el día y hora de la preparación en el siguiente enlace  

👇🟨👇🟨👇🟨👇🟨👇  

https://calendly.com/clasesdemanejo/clases","💡💡💡 Por favor llenar el formulario de reservación para alquiler  

El sinpe móvil se hace al número 60023618  

https://forms.gle/v8BURKwGxLSVbgA98",record=c14=7200,reporte=Contestaron mensaje sobre formulario de reservación,
c14,"📌 Pudo completar la información que se pide en
ambos formularios???",record=c15=7200,reporte=Contestaron recordatorio por formulario de reservación,,,
c15,"📌 Hola!!!
No me dijo si pudo llenar el formulario de reservación
de vehículos y el de la preparación",reporte=Contestaron recordatorio por formulario de reservación,,,,
c16,"*Tenemos un paquete para usted!!!*

🖊 El alquiler de moto *A1* vale 30 mil colones.  
(Se reserva con 10 mil colones)  

🖊 El alquiler de moto *A2* vale 30 mil colones.  
(Se reserva con 5 mil colones)  

🖊 El alquiler de moto para A3 vale 40 mil colones.  
(Se reserva con 10 mil colones)  

*INCLUYE:*  

🖊 Recorrido visual explicativo de la ruta oficial en la prueba de manejo  
🖊 Realizar 5 veces el circuito de conos y paralelas en nuestro plantel de práctica.  
🖊 Alquiler de moto A1-A2-A3.  

🎯 Sinpe al 60023618","💡💡💡 Por favor llenar el formulario de reservación para alquiler  

El sinpe móvil se hace al número 60023618  

https://forms.gle/v8BURKwGxLSVbgA98",record=c17=7200,"reporte=Contestaron mensaje sobre formulario de reservacion, revisar!",,
c16_1,"*Tenemos un paquete para usted!!!*

🖊 El alquiler de moto *A1* vale 30 mil colones.  
(Se reserva con 10 mil colones)  

🖊 El alquiler de moto *A2* vale 30 mil colones.  
(Se reserva con 5 mil colones)  

🖊 El alquiler de moto para A3 vale 40 mil colones.  
(Se reserva con 10 mil colones)  

*INCLUYE:*  

🖊 Recorrido visual explicativo de la ruta oficial en la prueba de manejo  
🖊 Realizar 5 veces el circuito de conos y paralelas en nuestro plantel de práctica.  
🖊 Alquiler de moto A1-A2-A3.  

🎯 Sinpe al 61103205","💡💡💡 Por favor llenar el formulario de reservación para alquiler  

El sinpe móvil se hace al número 61103205  

https://forms.gle/cNMDTRVbLL8yDH2X9 ",record=c17=7200,"reporte=Contestaron mensaje sobre formulario de reservacion, revisar!",,
c17,"📌 Pudo completar la información que se pide en el
formulario de reservación de vehículos???",record=c18=7200,"reporte=Contestaron mensaje sobre formulario de reservacion, revisar!",,,
c18,"📌 Hola!!!
No me dijo si pudo llenar el formulario de reservación
de vehículos y el de la preparación","reporte=Contestaron mensaje sobre formulario de reservacion, revisar!",,,,
c19,El alquiler de camión para b2 vale 55 mil colones,"💡💡💡 Por favor llenar el formulario de reservación para alquiler  

El sinpe móvil se hace al número 60023618  

https://forms.gle/v8BURKwGxLSVbgA98",record=c23=7200,reporte=contestaron mensaje sobre formulario de reservacion de camion,,
c20,"El alquiler de camión automático para B3 vale 75 mil
colones ","💡💡💡 Por favor llenar el formulario de reservación para alquiler  

El sinpe móvil se hace al número 60023618  

https://forms.gle/v8BURKwGxLSVbgA98",record=c23=7200,reporte=contestaron mensaje sobre formulario de reservacion de B3,,
c21,"El alquiler de camión para B4 (traíler) vale 130 mil
colones","💡💡💡 Por favor llenar el formulario de reservación para alquiler  

El sinpe móvil se hace al número 60023618  

https://forms.gle/v8BURKwGxLSVbgA98",record=c23=7200,reporte=contestaron mensaje sobre formulario de reservacion de B4 o trailer,,
c22,"El alquiler de bus automático para prueba de manejo
vale 85 mil colones","💡💡💡 Por favor llenar el formulario de reservación para alquiler  

El sinpe móvil se hace al número 60023618  

https://forms.gle/v8BURKwGxLSVbgA98",record=c23=7200,reporte=contestaron mensaje sobre formulario de reservacion de bus automático,,
c23,"📌 Pudo completar la información que se pide en el
formulario de reservación de vehículos???",record=c24=7200,"reporte=Contestaron recordatorio sobre formulario de reservacion, revisar!",,,
c24,"📌 Hola!!!
No me dijo si pudo llenar el formulario de reservación
de vehículos",reporte=Contestaron recordatorio por formulario de reservación,,,,
c25,"*Tenemos un paquete para usted!!!*  

Le asesoramos y ayudamos obtener la cita de forma gratuita  

🖊 El alquiler del vehículo para *B1* o moto *A1-A2* vale 30 mil colones.  

🖊 El alquiler de moto para A3 vale 40 mil colones  

*INCLUYE:*  

🖊 Recorrido visual explicativo de la ruta oficial en la prueba de manejo  
🖊 Realizar 5 veces el circuito de conos y reversa en nuestro plantel de práctica.  
🖊 Alquiler de vehículo automático o moto A2.  

*Se cancelan 10 mil colones vía sinpe móvil al número 60023618 al inicio para hacer la reservación del espacio y el resto del dinero debe cancelarse en efectivo el día de la prueba.*  

Si usted no tiene cita agendada le podemos ayudar con la cita práctica normal sin costo adicional al pagar la reservación del vehículo  

Me envia la foto del depósito para hacerle la reservación","💡💡💡 Por favor llenar el formulario de reservación para alquiler  

El sinpe móvil se hace al número 60023618  

https://forms.gle/v8BURKwGxLSVbgA98",record=c26=7200,"reporte= Contestaron mensaje de formulario para alquiler o reservacion de carro, automovil o B1",,
c26,"📌 Pudo completar la información que se pide en el
formulario de reservación de vehículos???",record=c27=7200,"reporte= Contestaron recordatorio de formulario para alquiler o reservacion de carro, automovil o B1",,,
c27,"📌 Hola!!!
No me dijo si pudo llenar el formulario de reservación
de vehículos","reporte= Contestaron recordatorio de formulario para alquiler o reservacion de carro, automovil o B1",,,,
c28,"*Tenemos un paquete para usted!!!*  

🖊 El alquiler de moto *A1* vale 30 mil colones.  
(Se reserva con 10 mil colones)  

🖊 El alquiler de moto *A2* vale 30 mil colones.  
(Se reserva con 10 mil colones)  

🖊 El alquiler de moto para A3 vale 40 mil colones.  
(Se reserva con 10 mil colones)  

*INCLUYE:*  

🖊 Recorrido visual explicativo de la ruta oficial en la prueba de manejo  
🖊 Realizar 5 veces el circuito de conos y paralelas en nuestro plantel de práctica.  
🖊 Alquiler de moto A1-A2-A3.  

🎯 Sinpe al 60023618","💡💡💡 Por favor llenar el formulario de reservación para alquiler  

El sinpe móvil se hace al número 60023618  

https://forms.gle/v8BURKwGxLSVbgA98",record=c33=7200,"reporte= Contestaron mensaje sobre formulario para reservación de moto, A1, A2 o A3 con snipe 60023618",,
c28_1,"*Tenemos un paquete para usted!!!*  

🖊 El alquiler de moto *A1* vale 30 mil colones.  
(Se reserva con 10 mil colones)  

🖊 El alquiler de moto *A2* vale 30 mil colones.  
(Se reserva con 10 mil colones)  

🖊 El alquiler de moto para A3 vale 40 mil colones.  
(Se reserva con 10 mil colones)  

*INCLUYE:*  

🖊 Recorrido visual explicativo de la ruta oficial en la prueba de manejo  
🖊 Realizar 5 veces el circuito de conos y paralelas en nuestro plantel de práctica.  
🖊 Alquiler de moto A1-A2-A3.  

🎯 Sinpe al 61103205","💡💡💡 Por favor llenar el formulario de reservación para alquiler  


El sinpe móvil se hace al número 61103205


https://forms.gle/cNMDTRVbLL8yDH2X9 ",record=c33=7200,"reporte= Contestaron mensaje sobre formulario para reservación de moto, A1, A2 o A3 con snipe 61103205",,
c29,El alquiler de camión para B2 vale 55 mil colones ,"💡💡💡 Por favor llenar el formulario de reservación para alquiler  

El sinpe móvil se hace al número 60023618  

https://forms.gle/v8BURKwGxLSVbgA98",record=c33=7200,reporte= Contestaron mensaje sobre formulario para reservación para B2 o camión,,
c30,El alquiler de camión automático para B3 vale 75 mil colones.,"💡💡💡 Por favor llenar el formulario de reservación para alquiler  

El sinpe móvil se hace al número 60023618  

https://forms.gle/v8BURKwGxLSVbgA98",record=c33=7200,reporte= Contestaron mensaje sobre formulario para reservación para camión automático o B3,,
c31,El alquiler de camión para B4 (traíler) vale 130 mil colones,"💡💡💡 Por favor llenar el formulario de reservación para alquiler  

El sinpe móvil se hace al número 60023618  

https://forms.gle/v8BURKwGxLSVbgA98",record=c33=7200,reporte= Contestaron mensaje sobre formulario para reservación para B4 (trailer),,
c32,El alquiler de bus automático para prueba de manejo vale 85 mil colones.,"💡💡💡 Por favor llenar el formulario de reservación para alquiler  

El sinpe móvil se hace al número 60023618  

https://forms.gle/v8BURKwGxLSVbgA98",record=c33=7200,reporte= Contestaron mensaje sobre formulario para reservación de bus automático,,
c33,📌 Pudo completar la información que se pide en el formulario de reservación de vehículos???,record=c34=7200,reporte= Contestaron recordatorio sobre formulario para reservación de vehiculo,,,
c34,"📌 Hola!!!
No me dijo si pudo llenar el formulario de reservación
de vehículos",reporte= Contestaron recordatorio sobre formulario para reservación de vehiculo,,,,
d1,"Hola!!!

Mi nombre es Enrique Guzmán y estaré pendiente de su proceso de obtención de licencia

Ya tiene cita agendada para la prueba de manejo???",record=c6=7200,,,,
e1,"📌 HOLA!!!

Mi nombre es Enrique Guzmán

Le agradezco si me detalla toda la situación de lo ocurrido con lujo de detalles en un audio para entender bien y buscar la solución más favorable a este problema",record=e2=7200,reporte=El cliente tiene una queja y contestó al mensaje envíado por el agente,,,
e2,"📌 Hola!!!

Disculpe la insistencia pero le agradezco más detalles de lo ocurrido",reporte=El cliente tiene una queja y contestó el recordatorio,,,,
f1,"💡💡💡Le agradezco si me ayuda con una buena calificación y recomendación en nuestra página. 

Para nosotros es demasiado importante

https://www.facebook.com/share/1BmkkrNkuP/","reporte=Se detectó que el cliente envío un mensaje sobre que ganó la prueba y a contestado al mensaje envíado por el agente, revisar!",,,,
g1,"💡💡💡Hola!!!

Para iniciar con el curso teórico solamente debes ingresar al siguiente enlace 
👇🏻👇🏻👇🏻👇🏻👇🏻
De inmediato comenzarás a recibir el estudio del curso teórico para licencias

Usuario de estudio: (PONER CÉDULA)
Contraseña: (PONER TELÉFONO)

MOTOCICLETA: https://app.escuelasdemanejocr.com/course/view.php?id=24

AUTOMOVIL: https://app.escuelasdemanejocr.com/course/view.php?id=25

Bendiciones",fin,,,,
g2,📌 Pudo ingresar a la página de estudio???,reporte=Contestaron recordatorio 1 día despues de palabra clave,,,,
g3,📌 Como va con su programa de estudio???,reporte=Contestaron recordatorio 3 días despues de palabra clave,,,,
g4,"Recuerde que puede solicitar su cita teórica en el siguiente enlace

En la pregunta que dice ""INGRESO COSEVI"" debe poner la clave de su usuario 

Si llena el formulario con los datos incompletos o incorrectos será eliminado de la lista sin previo aviso. 

Es su responsabilidad velar por la veracidad de los datos suministrados

https://forms.gle/AKn9QGgByCEbBDDx8 ",reporte=Contestaron recordatorio 1 semana despues de palabra clave,,,,
h1,"💡💡💡Hola!!!

Para iniciar con el curso teórico de transporte público solamente debes ingresar al siguiente enlace 
👇🏻👇🏻👇🏻👇🏻👇🏻
https://app.escuelasdemanejocr.com/course/view.php?id=22

De inmediato comenzarás a recibir el estudio del curso teórico para transporte público 

Usuario de estudio: (PONER CÉDULA)
Contraseña: (PONER TELÉFONO)

Bendiciones",fin,,,,
r0,"📲 Gracias por unirse a nuestro grupo del curso teórico!!!

Recuerde:

🎯 Por política de transparencia no cobramos nada antes del curso y pagas en efectivo hasta ese mismo día.

🎯 Traer documento de identidad 

🎯 Traer material para tomar notas (Cuaderno y lapicero) 

Por favor presentarse unos 10 minutos antes para hacer la matrícula e iniciar de la mejor manera la obtención de su licencia.

Bendiciones",reporte=Contestaron al mensaje de Bievenida al grupo de whatsApp,,,,
r1,"📱 Gracias por permitirnos ser parte de tu trámite de licencias

Como podemos ayudarte ?",,,,,
r2,"""📌 Hola!!!

No recibí respuesta a nuestra conversación.

Podemos continuar???""",reporte=Contestaron al recordatorio para unirse al grupo de whatsapp,,,,
welcome,"📲 Gracias por unirse a nuestro grupo del curso teórico!!!

Recuerde:

🎯 Por política de transparencia no cobramos nada antes del curso y pagas en efectivo hasta ese mismo día.

🎯 Traer documento de identidad 

🎯 Traer material para tomar notas (Cuaderno y lapicero) 

Por favor presentarse unos 10 minutos antes para hacer la matrícula e iniciar de la mejor manera la obtención de su licencia.

Bendiciones ",reporte=Respondieron a mensaje de bienvenida al grupo,,,,