CIUDAD,PRIMER MENSAJE,SEGUNDO MENSAJE,TERCER MENSAJE,CUARTO MENSAJE,QUINTO MENSAJE
AGUAS ZARCAS,"🚔🚔 AGUAS ZARCAS 🚔🚔

CURSO TEÓRICO PARA LICENCIAS

FECHA: DOMINGO 10 DE MAYO 

🇨🇷ÚNICO DÍA🇨🇷

ENLACE: https://chat.whatsapp.com/IcLmBSvFRLDFnpWjGYsJac?mode=gi_t

LUGAR:   Iglesia Genesis Aguas Zarcas de San Carlos. De Megasuper 300 metros al sur.

UBICACIÓN: https://maps.app.goo.gl/rV2n8bMeJQVXXftK6

INICIO: 2 DE LA TARDE 

FINAL: 4 DE LA TARDE 

🧍🏻‍♂️1 PERSONA: 15 MIL COLONES

🧍🏻‍♂️🧍🏻‍♂️2 PERSONAS: 25 MIL COLONES 

🧍🏻‍♂️🧍🏻‍♂️🧍🏻‍♂️3 PERSONAS: 30 MIL COLONES 

 (se paga hasta ese mismo día en efectivo) 

INCLUYE:
📚 Cita para el examen teórico 
📚 Metodología de estudio en línea por 6 días posterior a la clase presencial
📚 Audio resumen del manual del conductor version 2026
📚 Resumen actualizado del libro en pdf versión 2026 
📚 Manual del conductor en pdf versión 2026 
📚 Audiolibro del manual del conductor versión 2026 
📚 Guía de estudio de alto rendimiento
📚 Prácticas de examen en línea con revisión inmediata
📚 Explicación de preguntas en línea de manera automática
📚 Servicio de tutoria vía WhatsApp para atención de dudas y preguntas

Más info al: 50 01 01 01","Para reservar su espacio solo debe unirse al grupo

Imagen=1Tj0qc1oEUp0Ywh2-gvK8L6s6ttg6oHyu",👇🏻👇🏻👇🏻👇🏻👇🏻,https://chat.whatsapp.com/IcLmBSvFRLDFnpWjGYsJac?mode=gi_t,
ALAJUELA,"🚔🚔 ALAJUELA 🚔🚔

CURSO TEÓRICO PARA LICENCIAS

FECHA:  DOMINGO 17 DE MAYO

🇨🇷ÚNICO DÍA🇨🇷

ENLACE: https://chat.whatsapp.com/IRzPRxAamMw9lY5WcvATY8?mode=gi_t

LUGAR: IGLESIA METODISTA. COSTADO NORTE DEL PARQUE CENTRAL DE ALAJUELA 

UBICACIÓN: https://maps.app.goo.gl/sFXJHBMgwYWEmHbs7

INICIO: 4:30 DE LA TARDE 

FINAL: 6:30 DE LA NOCHE 

🧍🏻‍♂️1 PERSONA: 15 MIL COLONES

🧍🏻‍♂️🧍🏻‍♂️2 PERSONAS: 25 MIL COLONES 

🧍🏻‍♂️🧍🏻‍♂️🧍🏻‍♂️3 PERSONAS: 30 MIL COLONES 

 (se paga hasta ese mismo día en efectivo) 

INCLUYE:
📚 Cita para el examen teórico 
📚 Metodología de estudio en línea por 6 días posterior a la clase presencial
📚 Audio resumen del manual del conductor version 2026
📚 Resumen actualizado del libro en pdf versión 2026 
📚 Manual del conductor en pdf versión 2026 
📚 Audiolibro del manual del conductor versión 2026 
📚 Guía de estudio de alto rendimiento
📚 Prácticas de examen en línea con revisión inmediata
📚 Explicación de preguntas en línea de manera automática
📚 Servicio de tutoria vía WhatsApp para atención de dudas y preguntas

Más info al: 50 01 01 01","Para reservar su espacio solo debe unirse al grupo

Imagen=1Tj0qc1oEUp0Ywh2-gvK8L6s6ttg6oHyu",👇🏻👇🏻👇🏻👇🏻👇🏻,https://chat.whatsapp.com/IRzPRxAamMw9lY5WcvATY8?mode=gi_t,
ARENAL,"🚔🚔 ARENAL 🚔🚔

CURSO TEÓRICO PARA LICENCIAS

FECHA: DOMINGO 01 DE FEBRERO 

🇨🇷ÚNICO DÍA🇨🇷

ENLACE: https://chat.whatsapp.com/JaCxU38oL1kEpcGsH9EZfF?mode=hq2tcla

LUGAR: AUDITORIO IGLESIA ELOHIM ASAMBLEAS DE DIOS. 100 OESTE DEL BANCO NACIONAL 

UBICACIÓN: https://maps.app.goo.gl/vapA8RQkBk3UupAn9

INICIO: 2 DE LA TARDE 

FINAL: 4 DE LA TARDE 

🧍🏻‍♂️1 PERSONA: 15 MIL COLONES

🧍🏻‍♂️🧍🏻‍♂️2 PERSONAS: 25 MIL COLONES 

🧍🏻‍♂️🧍🏻‍♂️🧍🏻‍♂️3 PERSONAS: 30 MIL COLONES 

 (se paga hasta ese mismo día en efectivo) 

INCLUYE:
📚 Cita para el examen teórico 
📚 Metodología de estudio en línea por 6 días posterior a la clase presencial
📚 Audio resumen del manual del conductor version 2026
📚 Resumen actualizado del libro en pdf versión 2026 
📚 Manual del conductor en pdf versión 2026 
📚 Audiolibro del manual del conductor versión 2026 
📚 Guía de estudio de alto rendimiento
📚 Prácticas de examen en línea con revisión inmediata
📚 Explicación de preguntas en línea de manera automática
📚 Servicio de tutoria vía WhatsApp para atención de dudas y preguntas

Más info al: 50 01 01 01","Para reservar su espacio solo debe unirse al grupo

Imagen=1Tj0qc1oEUp0Ywh2-gvK8L6s6ttg6oHyu",👇🏻👇🏻👇🏻👇🏻👇🏻,https://chat.whatsapp.com/JaCxU38oL1kEpcGsH9EZfF?mode=hq2tcla,"Esta es la información del último curso que tuvimos.

Apenas tenga una fecha establecida para el próximo curso le estaré avisando

Bendiciones "
ASERRI,"🚔🚔 ASERRI 🚔🚔

CURSO TEÓRICO PARA LICENCIAS

FECHA: SÁBADO 28 DE MARZO 

🇨🇷ÚNICO DÍA🇨🇷

ENLACE: https://chat.whatsapp.com/Fv6PEIE5RYuB9oHoU5vfGS?mode=gi_t

LUGAR:  IGLESIA BÍBLICA BAUTISTA ASERRÍ. DIAGONAL A LA BIBLIOTECA PÚBLICA DE ASERRÍ CENTRO. 

UBICACIÓN: https://maps.app.goo.gl/zNGcMsSdqs9zrn9L7

INICIO: 5 DE LA TARDE 

FINAL: 7 DE LA NOCHE 

🧍🏻‍♂️1 PERSONA: 15 MIL COLONES

🧍🏻‍♂️🧍🏻‍♂️2 PERSONAS: 25 MIL COLONES 

🧍🏻‍♂️🧍🏻‍♂️🧍🏻‍♂️3 PERSONAS: 30 MIL COLONES 

 (se paga hasta ese mismo día en efectivo) 

INCLUYE:
📚 Cita para el examen teórico 
📚 Videos de las clases grabadas por capítulos 
📚 Metodología de estudio en línea por 10 días posterior a la clase presencial
📚 Audio resumen del manual del conductor version 2026
📚 Resumen actualizado del libro en pdf versión 2026 
📚 Manual del conductor en pdf versión 2026 
📚 Audiolibro del manual del conductor versión 2026 
📚 Guía de estudio de alto rendimiento
📚 Prácticas de examen en línea con revisión inmediata
📚 Explicación de preguntas en línea de manera automática
📚 Servicio de tutoria vía WhatsApp para atención de dudas y preguntas

Más info al: 50 01 01 01","Para reservar su espacio solo debe unirse al grupo

Imagen=1Tj0qc1oEUp0Ywh2-gvK8L6s6ttg6oHyu",👇🏻👇🏻👇🏻👇🏻👇🏻,https://chat.whatsapp.com/Fv6PEIE5RYuB9oHoU5vfGS?mode=gi_t,
ATENAS,"🚔🚔 ATENAS 🚔🚔

CURSO TEÓRICO PARA LICENCIAS

FECHA: DOMINGO 22 DE MARZO 

🇨🇷ÚNICO DÍA🇨🇷

ENLACE: https://chat.whatsapp.com/JhKeas3qhs9BfNRcVyWJhh?mode=gi_t

LUGAR:  IGLESIA BÍBLICA DE ATENAS

UBICACIÓN: https://maps.app.goo.gl/WSbghsqyYqTc3mUz5

INICIO: 5 DE LA TARDE 

FINAL: 7 DE LA NOCHE 

🧍🏻‍♂️1 PERSONA: 15 MIL COLONES

🧍🏻‍♂️🧍🏻‍♂️2 PERSONAS: 25 MIL COLONES 

🧍🏻‍♂️🧍🏻‍♂️🧍🏻‍♂️3 PERSONAS: 30 MIL COLONES 

 (se paga hasta ese mismo día en efectivo) 

INCLUYE:
📚 Cita para el examen teórico 
📚 Videos de las clases grabadas por capítulos 
📚 Metodología de estudio en línea por 10 días posterior a la clase presencial
📚 Audio resumen del manual del conductor version 2026 
📚 Resumen actualizado del libro en pdf versión 2026 
📚 Manual del conductor en pdf versión 2026 
📚 Audiolibro del manual del conductor versión 2026 
📚 Guía de estudio de alto rendimiento
📚 Prácticas de examen en línea con revisión inmediata
📚 Explicación de preguntas en línea de manera automática
📚 Servicio de tutoria vía WhatsApp para atención de dudas y preguntas

Más info al: 50 01 01 01","Para reservar su espacio solo debe unirse al grupo

Imagen=1Tj0qc1oEUp0Ywh2-gvK8L6s6ttg6oHyu",👇🏻👇🏻👇🏻👇🏻👇🏻,https://chat.whatsapp.com/JhKeas3qhs9BfNRcVyWJhh?mode=gi_t,"Esta es la información del último curso que tuvimos.

Apenas tenga una fecha establecida para el próximo curso le estaré avisando

Bendiciones "
BAGACES,"""🚔🚔 BAGACES 🚔🚔

CURSO TEÓRICO PARA LICENCIAS

FECHA: DOMINGO 26 DE ABRIL

🇨🇷ÚNICO DÍA🇨🇷

ENLACE: https://chat.whatsapp.com/DNnClCepD2W2s01snJZ66q?mode=gi_t

LUGAR: IGLESIA MARANATHA. 100 METROS NORTE DE LA PLAZA DE TOROS GERMAN ARRIETA

UBICACIÓN: https://maps.app.goo.gl/xz8zyKpUDZSH952h7

INICIO: 5 DE LA TARDE 

FINAL: 7 DE LA NOCHE 

🧍🏻‍♂️1 PERSONA: 15 MIL COLONES

🧍🏻‍♂️🧍🏻‍♂️2 PERSONAS: 25 MIL COLONES 

🧍🏻‍♂️🧍🏻‍♂️🧍🏻‍♂️3 PERSONAS: 30 MIL COLONES 

(se paga hasta ese mismo día en efectivo) 

INCLUYE:
📚 Cita para el examen teórico 
📚 Metodología de estudio en línea por 6 días posterior a la clase presencial
📚 Audio resumen del manual del conductor version 2026 
📚 Resumen actualizado del libro en pdf versión 2026 
📚 Manual del conductor en pdf versión 2026 
📚 Audiolibro del manual del conductor versión 2026 
📚 Guía de estudio de alto rendimiento
📚 Prácticas de examen en línea con revisión inmediata
📚 Explicación de preguntas en línea de manera automática
📚 Servicio de tutoria vía WhatsApp para atención de dudas y preguntas

Más info al: 50 01 01 01","Para reservar su espacio solo debe unirse al grupo

Imagen=1Tj0qc1oEUp0Ywh2-gvK8L6s6ttg6oHyu",👇🏻👇🏻👇🏻👇🏻👇🏻,https://chat.whatsapp.com/DNnClCepD2W2s01snJZ66q?mode=gi_t,
BATAAN,"🚔🚔 BATAAN 🚔🚔

CURSO TEÓRICO PARA LICENCIAS

FECHA: SÁBADO 25 ABRIL

🇨🇷ÚNICO DÍA🇨🇷

ENLACE: https://chat.whatsapp.com/LM9yQZFAaQD3RvyZMZmXha?mode=gi_t

LUGAR:  IGLESIA CATÓLICA DE BATAAN. COSTADO NORTE DEL PARQUE CENTRAL

UBICACIÓN: https://maps.app.goo.gl/jBeUx8ktwZt6AumV9

INICIO: 1 DE LA TARDE 

FINAL: 3 DE LA TARDE 

🧍🏻‍♂️1 PERSONA: 15 MIL COLONES

🧍🏻‍♂️🧍🏻‍♂️2 PERSONAS: 25 MIL COLONES 

🧍🏻‍♂️🧍🏻‍♂️🧍🏻‍♂️3 PERSONAS: 30 MIL COLONES 

 (se paga hasta ese mismo día en efectivo) 

INCLUYE:
📚 Cita para el examen teórico 
📚 Metodología de estudio en línea por 6 días posterior a la clase presencial
📚 Audio resumen del manual del conductor version 2026 
📚 Resumen actualizado del libro en pdf versión 2026 
📚 Manual del conductor en pdf versión 2026 
📚 Audiolibro del manual del conductor versión 2026 
📚 Guía de estudio de alto rendimiento
📚 Prácticas de examen en línea con revisión inmediata
📚 Explicación de preguntas en línea de manera automática
📚 Servicio de tutoria vía WhatsApp para atención de dudas y preguntas

Más info al: 50 01 01 01","Para reservar su espacio solo debe unirse al grupo

Imagen=1Tj0qc1oEUp0Ywh2-gvK8L6s6ttg6oHyu",👇🏻👇🏻👇🏻👇🏻👇🏻,https://chat.whatsapp.com/LM9yQZFAaQD3RvyZMZmXha?mode=gi_t,
BIJAGUA,"🚔🚔 BIJAGUA 🚔🚔

CURSO TEÓRICO PARA LICENCIAS

FECHA: DOMINGO 01 DE FEBRERO 

🇨🇷ÚNICO DÍA🇨🇷

ENLACE: https://chat.whatsapp.com/Gjs2MHDrwIW8BU33x7idUo

LUGAR:  IGLESIA ASAMBLEAS DE DIOS, CONTIGUO AL BANCO NACIONAL 

UBICACIÓN: https://maps.app.goo.gl/jXRGvhmp8svYSEgo7

INICIO: 4 DE LA TARDE 

FINAL: 6 DE LA TARDE

🧍🏻‍♂️1 PERSONA: 15 MIL COLONES

🧍🏻‍♂️🧍🏻‍♂️2 PERSONAS: 25 MIL COLONES 

🧍🏻‍♂️🧍🏻‍♂️🧍🏻‍♂️3 PERSONAS: 30 MIL COLONES 

 (se paga hasta ese mismo día en efectivo) 

INCLUYE:
📚 Cita para el examen teórico 
📚 Videos de las clases grabadas por capítulos 
📚 Metodología de estudio en línea por 10 días posterior a la clase presencial
📚 Audio resumen del manual del conductor version 2026 
📚 Resumen actualizado del libro en pdf versión 2026 
📚 Manual del conductor en pdf versión 2026 
📚 Audiolibro del manual del conductor versión 2026 
📚 Guía de estudio de alto rendimiento
📚 Prácticas de examen en línea con revisión inmediata
📚 Explicación de preguntas en línea de manera automática
📚 Servicio de tutoria vía WhatsApp para atención de dudas y preguntas

Más info al: 50 01 01 01","Para reservar su espacio solo debe unirse al grupo

Imagen=1Tj0qc1oEUp0Ywh2-gvK8L6s6ttg6oHyu",👇🏻👇🏻👇🏻👇🏻👇🏻,https://chat.whatsapp.com/Gjs2MHDrwIW8BU33x7idUo,"Esta es la información del último curso que tuvimos.

Apenas tenga una fecha establecida para el próximo curso le estaré avisando

Bendiciones "
BORUCA,"🚔🚔 BORUCA 🚔🚔

CURSO TEÓRICO PARA LICENCIAS

FECHA:  SÁBADO 23 DE MAYO 

🇨🇷ÚNICO DÍA🇨🇷

ENLACE: https://chat.whatsapp.com/ID4CAgaKXNz73VL7tgiMnQ?mode=gi_t

LUGAR:   Salón de fútbol sala de la Iglesia católica de Boruca.

UBICACIÓN: https://maps.app.goo.gl/8ArotejJULhtjDvx5

INICIO: 4 DE LA TARDE 

FINAL: 6 DE LA TARDE 

🧍🏻‍♂️1 PERSONA: 15 MIL COLONES

🧍🏻‍♂️🧍🏻‍♂️2 PERSONAS: 25 MIL COLONES 

🧍🏻‍♂️🧍🏻‍♂️🧍🏻‍♂️3 PERSONAS: 30 MIL COLONES 

 (se paga hasta ese mismo día en efectivo) 

INCLUYE:
📚 Cita para el examen teórico 
📚 Metodología de estudio en línea por 6 días posterior a la clase presencial
📚 Audio resumen del manual del conductor version 2026
📚 Resumen actualizado del libro en pdf versión 2026 
📚 Manual del conductor en pdf versión 2026 
📚 Audiolibro del manual del conductor versión 2026 
📚 Guía de estudio de alto rendimiento
📚 Prácticas de examen en línea con revisión inmediata
📚 Explicación de preguntas en línea de manera automática
📚 Servicio de tutoria vía WhatsApp para atención de dudas y preguntas

Más info al: 50 01 01 01","Para reservar su espacio solo debe unirse al grupo

Imagen=1Tj0qc1oEUp0Ywh2-gvK8L6s6ttg6oHyu",👇🏻👇🏻👇🏻👇🏻👇🏻,https://chat.whatsapp.com/ID4CAgaKXNz73VL7tgiMnQ?mode=gi_t,
BRASILITO,"🚔🚔 BRASILITO 🚔🚔

CURSO TEÓRICO PARA LICENCIAS

FECHA: DOMINGO 01 DE MARZO 

🇨🇷ÚNICO DÍA🇨🇷

ENLACE: https://chat.whatsapp.com/Lt5XVNrzoDGCmoOkKdWJ2B?mode=gi_t

LUGAR: SALÓN COMUNAL DE PLAYA BRASILITO. 50 METROS ESTE DEL RESTAURANTE PATAGONIA

UBICACIÓN: https://maps.app.goo.gl/UDZo5KRAmeMBy8P29

INICIO: 1 DE LA TARDE 

FINAL: 3 DE LA TARDE 

🧍🏻‍♂️1 PERSONA: 15 MIL COLONES

🧍🏻‍♂️🧍🏻‍♂️2 PERSONAS: 25 MIL COLONES 

🧍🏻‍♂️🧍🏻‍♂️🧍🏻‍♂️3 PERSONAS: 30 MIL COLONES 

 (se paga hasta ese mismo día en efectivo) 

INCLUYE:
📚 Cita para el examen teórico 
📚 Videos de las clases grabadas por capítulos 
📚 Metodología de estudio en línea por 10 días posterior a la clase presencial
📚 Audio resumen del manual del conductor version 2026 
📚 Resumen actualizado del libro en pdf versión 2026 
📚 Manual del conductor en pdf versión 2026 
📚 Audiolibro del manual del conductor versión 2026 
📚 Guía de estudio de alto rendimiento
📚 Prácticas de examen en línea con revisión inmediata
📚 Explicación de preguntas en línea de manera automática
📚 Servicio de tutoria vía WhatsApp para atención de dudas y preguntas

Más info al: 50 01 01 01","Para reservar su espacio solo debe unirse al grupo

Imagen=1Tj0qc1oEUp0Ywh2-gvK8L6s6ttg6oHyu",👇🏻👇🏻👇🏻👇🏻👇🏻,https://chat.whatsapp.com/Lt5XVNrzoDGCmoOkKdWJ2B?mode=gi_t,"Esta es la información del último curso que tuvimos.

Apenas tenga una fecha establecida para el próximo curso le estaré avisando

Bendiciones "
BUENOS AIRES,"🚔🚔 BUENOS AIRES 🚔🚔

CURSO TEÓRICO PARA LICENCIAS

FECHA: SÁBADO 23 DE MAYO 

🇨🇷ÚNICO DÍA🇨🇷

ENLACE: https://chat.whatsapp.com/L2adBv9GymL3LJancRlKjh?mode=gi_t

LUGAR: IGLESIA METODISTA DE BUENOS AIRES 

UBICACIÓN: https://maps.app.goo.gl/EQTo9mUZ5ezdyrSS8

INICIO: 12 MEDIODIA

FINAL: 2 DE LA TARDE 

🧍🏻‍♂️1 PERSONA: 15 MIL COLONES

🧍🏻‍♂️🧍🏻‍♂️2 PERSONAS: 25 MIL COLONES 

🧍🏻‍♂️🧍🏻‍♂️🧍🏻‍♂️3 PERSONAS: 30 MIL COLONES 

 (se paga hasta ese mismo día en efectivo) 

INCLUYE:
📚 Cita para el examen teórico  
📚 Metodología de estudio en línea por 6 días posterior a la clase presencial
📚 Audio resumen del manual del conductor version 2026
📚 Resumen actualizado del libro en pdf versión 2026
📚 Manual del conductor en pdf versión 2026
📚 Audiolibro del manual del conductor versión 2026 
📚 Guía de estudio de alto rendimiento
📚 Prácticas de examen en línea con revisión inmediata
📚 Explicación de preguntas en línea de manera automática
📚 Servicio de tutoria vía WhatsApp para atención de dudas y preguntas

Más info al: 50 01 01 01","Para reservar su espacio solo debe unirse al grupo

Imagen=1Tj0qc1oEUp0Ywh2-gvK8L6s6ttg6oHyu",👇🏻👇🏻👇🏻👇🏻👇🏻,https://chat.whatsapp.com/L2adBv9GymL3LJancRlKjh?mode=gi_t,
CAÑAS,"🚔🚔 CAÑAS 🚔🚔

CURSO TEÓRICO PARA LICENCIAS

FECHA: DOMINGO 17 DE MAYO

🇨🇷ÚNICO DÍA🇨🇷

ENLACE: https://chat.whatsapp.com/EXC9JKooSDLD1NUTIYqoqz?mode=gi_t

LUGAR:  SALÓN DE EVENTOS MIMI

UBICACIÓN: https://maps.app.goo.gl/sXjCSWbSh7JWMLodA

INICIO: 5 DE LA TARDE 

FINAL: 7 DE LA NOCHE 

🧍🏻‍♂️1 PERSONA: 15 MIL COLONES

🧍🏻‍♂️🧍🏻‍♂️2 PERSONAS: 25 MIL COLONES 

🧍🏻‍♂️🧍🏻‍♂️🧍🏻‍♂️3 PERSONAS: 30 MIL COLONES 

 (se paga hasta ese mismo día en efectivo) 

INCLUYE:
📚 Cita para el examen teórico 
📚 Metodología de estudio en línea por 6 días posterior a la clase presencial
📚 Audio resumen del manual del conductor version 2026
📚 Resumen actualizado del libro en pdf versión 2026
📚 Manual del conductor en pdf versión 2026
📚 Audiolibro del manual del conductor versión 2026
📚 Guía de estudio de alto rendimiento
📚 Prácticas de examen en línea con revisión inmediata
📚 Explicación de preguntas en línea de manera automática
📚 Servicio de tutoria vía WhatsApp para atención de dudas y preguntas

Más info al: 50 01 01 01","Para reservar su espacio solo debe unirse al grupo

Imagen=1Tj0qc1oEUp0Ywh2-gvK8L6s6ttg6oHyu",👇🏻👇🏻👇🏻👇🏻👇🏻,https://chat.whatsapp.com/EXC9JKooSDLD1NUTIYqoqz?mode=gi_t,
CARIARI,"🚔🚔 CARIARI 🚔🚔

CURSO TEÓRICO PARA LICENCIAS

FECHA: DOMINGO 26 DE ABRIL

🇨🇷ÚNICO DÍA🇨🇷

ENLACE: https://chat.whatsapp.com/IrJAd26zqu2FxtVouzbhXt?mode=gi_t

LUGAR: SALÓN COMUNAL DE CARIARI. 150 METROS OESTE DE PALI

UBICACIÓN: https://maps.app.goo.gl/7R2d5yA5NoRTEsxj7

INICIO: 3 DE LA TARDE

FINAL: 5 DE LA TARDE 

🧍🏻‍♂️1 PERSONA: 15 MIL COLONES

🧍🏻‍♂️🧍🏻‍♂️2 PERSONAS: 25 MIL COLONES 

🧍🏻‍♂️🧍🏻‍♂️🧍🏻‍♂️3 PERSONAS: 30 MIL COLONES 

 (se paga hasta ese mismo día en efectivo) 

INCLUYE:
📚 Cita para el examen teórico 
📚 Metodología de estudio en línea por 6 días posterior a la clase presencial
📚 Audio resumen del manual del conductor version 2026
📚 Resumen actualizado del libro en pdf versión 2026 
📚 Manual del conductor en pdf versión 2026 
📚 Audiolibro del manual del conductor versión 2026 
📚 Guía de estudio de alto rendimiento
📚 Prácticas de examen en línea con revisión inmediata
📚 Explicación de preguntas en línea de manera automática
📚 Servicio de tutoria vía WhatsApp para atención de dudas y preguntas

Más info al: 50 01 01 01","Para reservar su espacio solo debe unirse al grupo

Imagen=1Tj0qc1oEUp0Ywh2-gvK8L6s6ttg6oHyu",👇🏻👇🏻👇🏻👇🏻👇🏻,https://chat.whatsapp.com/IrJAd26zqu2FxtVouzbhXt?mode=gi_t,
CARTAGENA,"🚔🚔 CARTAGENA 🚔🚔

CURSO TEÓRICO PARA LICENCIAS

FECHA: SÁBADO 21 DE FEBRERO 

🇨🇷ÚNICO DÍA🇨🇷

ENLACE: https://chat.whatsapp.com/GXqc1Cl9awlHENhklyZ6I4?mode=gi_t

LUGAR: IGLESIA ASAMBLEAS DE DIOS. DE LA MUSMANI 100 METROS SUR Y 180 METROS OESTE 

UBICACIÓN: https://maps.app.goo.gl/epwBAgQa7ZKfCetg9

INICIO: 1 DE LA TARDE 

FINAL: 3 DE LA TARDE 

🧍🏻‍♂️1 PERSONA: 15 MIL COLONES

🧍🏻‍♂️🧍🏻‍♂️2 PERSONAS: 25 MIL COLONES 

🧍🏻‍♂️🧍🏻‍♂️🧍🏻‍♂️3 PERSONAS: 30 MIL COLONES 

 (se paga hasta ese mismo día en efectivo) 

INCLUYE:
📚 Cita para el examen teórico 
📚 Videos de las clases grabadas por capítulos 
📚 Metodología de estudio en línea por 10 días posterior a la clase presencial
📚 Audio resumen del manual del conductor version 2026
📚 Resumen actualizado del libro en pdf versión 2026 
📚 Manual del conductor en pdf versión 2026 
📚 Audiolibro del manual del conductor versión 2026 
📚 Guía de estudio de alto rendimiento
📚 Prácticas de examen en línea con revisión inmediata
📚 Explicación de preguntas en línea de manera automática
📚 Servicio de tutoria vía WhatsApp para atención de dudas y preguntas

Más info al: 50 01 01 01","Para reservar su espacio solo debe unirse al grupo

Imagen=1Tj0qc1oEUp0Ywh2-gvK8L6s6ttg6oHyu",👇🏻👇🏻👇🏻👇🏻👇🏻,https://chat.whatsapp.com/GXqc1Cl9awlHENhklyZ6I4?mode=gi_t,"Esta es la información del último curso que tuvimos.

Apenas tenga una fecha establecida para el próximo curso le estaré avisando

Bendiciones "
CARTAGO,"🚔🚔 CARTAGO 🚔🚔

CURSO TEÓRICO PARA LICENCIAS

FECHA: DOMINGO 07 DE DICIEMBRE 

🇨🇷ÚNICO DÍA🇨🇷

ENLACE: https://chat.whatsapp.com/ETgXXyYblbm4QEEUQIzkz8?mode=wwt

LUGAR:  CATEDRAL NUESTRA SEÑORA DEL CARMEN. CONTIGUO AL BCR

UBICACIÓN: https://maps.app.goo.gl/ybJa67HQbxZrdb4N8

INICIO: 11 DE LA MAÑANA 

FINAL: 1 DE LA TARDE

🧍🏻‍♂️1 PERSONA: 15 MIL COLONES

🧍🏻‍♂️🧍🏻‍♂️2 PERSONAS: 25 MIL COLONES 

🧍🏻‍♂️🧍🏻‍♂️🧍🏻‍♂️3 PERSONAS: 30 MIL COLONES 

 (se paga hasta ese mismo día en efectivo) 

INCLUYE:
📚 Cita para el examen teórico 
📚 Videos de las clases grabadas por capítulos 
📚 Metodología de estudio en línea por 10 días posterior a la clase presencial
📚 Audio resumen del manual del conductor version 2025 
📚 Resumen actualizado del libro en pdf versión 2025 
📚 Manual del conductor en pdf versión 2025 
📚 Audiolibro del manual del conductor versión 2025 
📚 Guía de estudio de alto rendimiento
📚 Prácticas de examen en línea con revisión inmediata
📚 Explicación de preguntas en línea de manera automática
📚 Servicio de tutoria vía WhatsApp para atención de dudas y preguntas

Más info al: 50 01 01 01","Para reservar su espacio solo debe unirse al grupo

Imagen=1Tj0qc1oEUp0Ywh2-gvK8L6s6ttg6oHyu",👇🏻👇🏻👇🏻👇🏻👇🏻,https://chat.whatsapp.com/ETgXXyYblbm4QEEUQIzkz8?mode=wwt,"Esta es la información del último curso que tuvimos.

Apenas tenga una fecha establecida para el próximo curso le estaré avisando

Bendiciones "
CIUDAD NEILLY,"🚔🚔 CIUDAD NEILLY 🚔🚔

CURSO TEÓRICO PARA LICENCIAS

FECHA:  DOMINGO 24 DE MAYO 

🇨🇷ÚNICO DÍA🇨🇷

ENLACE: https://chat.whatsapp.com/BkUzMrNplEJKHzbEJb88I0?mode=gi_t

LUGAR:   CASA DEL EDUCADOR PENSIONADO. DIAGONAL AL LICEO DE CIUDAD NEILLY

UBICACIÓN: https://maps.app.goo.gl/X33HJRMLrBqngHxYA

INICIO: 10 DE LA MAÑANA

FINAL: 12 MEDIODÍA 

🧍🏻‍♂️1 PERSONA: 15 MIL COLONES

🧍🏻‍♂️🧍🏻‍♂️2 PERSONAS: 25 MIL COLONES 

🧍🏻‍♂️🧍🏻‍♂️🧍🏻‍♂️3 PERSONAS: 30 MIL COLONES 

 (se paga hasta ese mismo día en efectivo) 

INCLUYE:
📚 Cita para el examen teórico 
📚 Metodología de estudio en línea por 6 días posterior a la clase presencial
📚 Audio resumen del manual del conductor version 2026 
📚 Resumen actualizado del libro en pdf versión 2026 
📚 Manual del conductor en pdf versión 2026 
📚 Audiolibro del manual del conductor versión 2026 
📚 Guía de estudio de alto rendimiento
📚 Prácticas de examen en línea con revisión inmediata
📚 Explicación de preguntas en línea de manera automática
📚 Servicio de tutoria vía WhatsApp para atención de dudas y preguntas

Más info al: 50 01 01 01","Para reservar su espacio solo debe unirse al grupo

Imagen=1Tj0qc1oEUp0Ywh2-gvK8L6s6ttg6oHyu",👇🏻👇🏻👇🏻👇🏻👇🏻,https://chat.whatsapp.com/BkUzMrNplEJKHzbEJb88I0?mode=gi_t,
CIUDAD QUESADA,"🚔🚔 CIUDAD QUESADA 🚔🚔

CURSO TEÓRICO PARA LICENCIAS

FECHA: SÁBADO 09 DE MAYO

🇨🇷ÚNICO DÍA🇨🇷

ENLACE: https://chat.whatsapp.com/CrNT8C82qdU38SDIiU3f7e?mode=gi_t

LUGAR:  IGLESIA METODISTA.  COSTADO NORTE DE COOPELESCA, FRENTE A LA ESCUELA JUAN CHAVES. 

UBICACIÓN: https://maps.app.goo.gl/LJhhb7RpsWnF7nQB9

INICIO: 1 DE LA TARDE 

FINAL: 3 DE LA TARDE 

🧍🏻‍♂️1 PERSONA: 15 MIL COLONES

🧍🏻‍♂️🧍🏻‍♂️2 PERSONAS: 25 MIL COLONES 

🧍🏻‍♂️🧍🏻‍♂️🧍🏻‍♂️3 PERSONAS: 30 MIL COLONES 

 (se paga hasta ese mismo día en efectivo) 

INCLUYE:
📚 Cita para el examen teórico 
📚 Metodología de estudio en línea por 6 días posterior a la clase presencial
📚 Audio resumen del manual del conductor version 2026 
📚 Resumen actualizado del libro en pdf versión 2026 
📚 Manual del conductor en pdf versión 2026 
📚 Audiolibro del manual del conductor versión 2026 
📚 Guía de estudio de alto rendimiento
📚 Prácticas de examen en línea con revisión inmediata
📚 Explicación de preguntas en línea de manera automática
📚 Servicio de tutoria vía WhatsApp para atención de dudas y preguntas

Más info al: 50 01 01 01","Para reservar su espacio solo debe unirse al grupo

Imagen=1Tj0qc1oEUp0Ywh2-gvK8L6s6ttg6oHyu",👇🏻👇🏻👇🏻👇🏻👇🏻,https://chat.whatsapp.com/CrNT8C82qdU38SDIiU3f7e?mode=gi_t,
CÓBANO,"🚔🚔 COBANO 🚔🚔

CURSO TEÓRICO PARA LICENCIAS

FECHA: SÁBADO 11 DE ABRIL 

🇨🇷ÚNICO DÍA🇨🇷

ENLACE: https://chat.whatsapp.com/FqI8zJf8XKn95a7MWxJPZT?mode=gi_t

LUGAR:  ESCUELA CENTRAL CARMEN LYRA

UBICACIÓN: https://maps.app.goo.gl/fQhFFLT948hHLbhi6

INICIO: 5 DE LA TARDE 

FINAL: 7 DE LA NOCHE 

🧍🏻‍♂️1 PERSONA: 15 MIL COLONES

🧍🏻‍♂️🧍🏻‍♂️2 PERSONAS: 25 MIL COLONES 

🧍🏻‍♂️🧍🏻‍♂️🧍🏻‍♂️3 PERSONAS: 30 MIL COLONES 

 (se paga hasta ese mismo día en efectivo) 

INCLUYE:
📚 Cita para el examen teórico 
📚 Metodología de estudio en línea por 6 días posterior a la clase presencial
📚 Audio resumen del manual del conductor version 2026
📚 Resumen actualizado del libro en pdf versión 2026
📚 Manual del conductor en pdf versión 2026
📚 Audiolibro del manual del conductor versión 2026
📚 Guía de estudio de alto rendimiento
📚 Prácticas de examen en línea con revisión inmediata
📚 Explicación de preguntas en línea de manera automática
📚 Servicio de tutoria vía WhatsApp para atención de dudas y preguntas

Más info al: 50 01 01 01","Para reservar su espacio solo debe unirse al grupo

Imagen=1Tj0qc1oEUp0Ywh2-gvK8L6s6ttg6oHyu",👇🏻👇🏻👇🏻👇🏻👇🏻,https://chat.whatsapp.com/FqI8zJf8XKn95a7MWxJPZT?mode=gi_t,
DESAMPARADOS,"CURSO TEÓRICO PARA LICENCIAS

🚔🚔 DESAMPARADOS 🚔🚔

FECHA: SÁBADO 08 DE MARZO 

🛞🛞ÚNICO DÍA 🛞🛞

ENLACE: https://chat.whatsapp.com/JM09Xy4Opz2DqRwvGlPBAx

LUGAR: SALÓN COMUNAL DE BARRIO EL JARDÍN. DEL MEGASUPER 200 OESTE , 200 NORTE y 75 ESTE. 

UBICACIÓN: https://maps.app.goo.gl/ttAHjXVxH26oq2ySA

INICIO: 1 DE LA TARDE 

FINAL: 3 DE LA TARDE 

🚶🏻‍♂️INDIVIDUAL : 15 MIL COLONES

🚶🏻‍♂️🚶🏻‍♂️+🏃🏻‍♂️ PRECIO SOLIDARIO: pagan dos personas y el tercero ingresa gratis 

 (se paga hasta ese mismo día en efectivo) 

INCLUYE:
📚 Cita para el examen teórico 
📚 Videos de las clases grabadas por capítulos 
📚 Metodología de estudio en línea por 10 días posterior a la clase presencial
📚 Audio resumen del manual del conductor version 2025
📚 Resumen actualizado del libro en pdf versión 2025
📚 Manual del conductor en pdf versión 2025
📚 Audiolibro del manual del conductor versión 2025
📚 Guía de estudio de alto rendimiento
📚 Prácticas de examen en línea con revisión inmediata
📚 Explicación de preguntas en línea de manera automática
📚 Servicio de tutoria vía WhatsApp para atención de dudas y preguntas

Más info al: 50 01 01 01","Para reservar su espacio solo debe unirse al grupo

Imagen=1Tj0qc1oEUp0Ywh2-gvK8L6s6ttg6oHyu",👇🏻👇🏻👇🏻👇🏻👇🏻,https://chat.whatsapp.com/JM09Xy4Opz2DqRwvGlPBAx,"Esta es la información del último curso que tuvimos.

Apenas tenga una fecha establecida para el próximo curso le estaré avisando

Bendiciones "
EL COCO,"🚔🚔 EL COCO 🚔🚔

CURSO TEÓRICO PARA LICENCIAS

FECHA: VIERNES 08 DE MAYO

🇨🇷ÚNICO DÍA🇨🇷

ENLACE: https://chat.whatsapp.com/DXBXsKk5oyY0KcR8UEVT3T?mode=gi_t

LUGAR:  SALÓN COMUNAL ADICOCO 

UBICACIÓN: https://maps.app.goo.gl/tPY4hEVLzmZkMGq79

INICIO: 5 DE LA TARDE 

FINAL: 7 DE LA NOCHE 

🧍🏻‍♂️1 PERSONA: 15 MIL COLONES

🧍🏻‍♂️🧍🏻‍♂️2 PERSONAS: 25 MIL COLONES 

🧍🏻‍♂️🧍🏻‍♂️🧍🏻‍♂️3 PERSONAS: 30 MIL COLONES 

 (se paga hasta ese mismo día en efectivo) 

INCLUYE:
📚 Cita para el examen teórico 
📚 Metodología de estudio en línea por 6 días posterior a la clase presencial
📚 Audio resumen del manual del conductor version 2026
📚 Resumen actualizado del libro en pdf versión 2026 
📚 Manual del conductor en pdf versión 2026 
📚 Audiolibro del manual del conductor versión 2026
📚 Guía de estudio de alto rendimiento
📚 Prácticas de examen en línea con revisión inmediata
📚 Explicación de preguntas en línea de manera automática
📚 Servicio de tutoria vía WhatsApp para atención de dudas y preguntas

Más info al: 50 01 01 01","Para reservar su espacio solo debe unirse al grupo

Imagen=1Tj0qc1oEUp0Ywh2-gvK8L6s6ttg6oHyu",👇🏻👇🏻👇🏻👇🏻👇🏻,https://chat.whatsapp.com/DXBXsKk5oyY0KcR8UEVT3T?mode=gi_t,
FILADELFIA,"🚔🚔 FILADELFIA 🚔🚔

CURSO TEÓRICO PARA LICENCIAS

FECHA: DOMINGO 12 DE ABRIL 

🇨🇷ÚNICO DÍA🇨🇷

ENLACE: https://chat.whatsapp.com/LLuU6axTJneEnwEOT5NL11?mode=gi_t

LUGAR:  IGLESIA DE DIOS DEL EVANGELIO COMPLETO. DEL BAR MAYWILL 200 METROS AL SUR

UBICACIÓN: https://maps.app.goo.gl/vzCCA27u3AhLAPVQ9

INICIO: 4 DE LA TARDE 

FINAL: 6 DE LA TARDE 

🧍🏻‍♂️1 PERSONA: 15 MIL COLONES

🧍🏻‍♂️🧍🏻‍♂️2 PERSONAS: 25 MIL COLONES 

🧍🏻‍♂️🧍🏻‍♂️🧍🏻‍♂️3 PERSONAS: 30 MIL COLONES 

 (se paga hasta ese mismo día en efectivo) 

INCLUYE:
📚 Cita para el examen teórico 
📚 Metodología de estudio en línea por 6 días posterior a la clase presencial
📚 Audio resumen del manual del conductor version 2026 
📚 Resumen actualizado del libro en pdf versión 2026 
📚 Manual del conductor en pdf versión 2026 
📚 Audiolibro del manual del conductor versión 2026 
📚 Guía de estudio de alto rendimiento
📚 Prácticas de examen en línea con revisión inmediata
📚 Explicación de preguntas en línea de manera automática
📚 Servicio de tutoria vía WhatsApp para atención de dudas y preguntas

Más info al: 50 01 01 01","Para reservar su espacio solo debe unirse al grupo

Imagen=1Tj0qc1oEUp0Ywh2-gvK8L6s6ttg6oHyu",👇🏻👇🏻👇🏻👇🏻👇🏻,https://chat.whatsapp.com/LLuU6axTJneEnwEOT5NL11?mode=gi_t,
FORTUNA,"🚔🚔 FORTUNA 🚔🚔

CURSO TEÓRICO PARA LICENCIAS

FECHA: SÁBADO 09 DE MAYO

🇨🇷ÚNICO DÍA🇨🇷

ENLACE: https://chat.whatsapp.com/IftlUR0CRmT0kfI0isaiQN?mode=gi_t

LUGAR:  AUDITORIO ROMPIENDO LIMITES. DE LA ESTACIÓN DE POLICÍA EN LA FORTUNA 100 OESTE Y 350 NORTE

UBICACIÓN: https://maps.app.goo.gl/mpZe4xsz6PRfU85p8

INICIO: 5 DE LA TARDE 

FINAL: 7 DE LA NOCHE 

🧍🏻‍♂️1 PERSONA: 15 MIL COLONES

🧍🏻‍♂️🧍🏻‍♂️2 PERSONAS: 25 MIL COLONES 

🧍🏻‍♂️🧍🏻‍♂️🧍🏻‍♂️3 PERSONAS: 30 MIL COLONES 

 (se paga hasta ese mismo día en efectivo) 

INCLUYE:
📚 Cita para el examen teórico 
📚 Metodología de estudio en línea por 6 días posterior a la clase presencial
📚 Audio resumen del manual del conductor version 2026 
📚 Resumen actualizado del libro en pdf versión 2026 
📚 Manual del conductor en pdf versión 2026 
📚 Audiolibro del manual del conductor versión 2026 
📚 Guía de estudio de alto rendimiento
📚 Prácticas de examen en línea con revisión inmediata
📚 Explicación de preguntas en línea de manera automática
📚 Servicio de tutoria vía WhatsApp para atención de dudas y preguntas

Más info al: 50 01 01 01","Para reservar su espacio solo debe unirse al grupo

Imagen=1Tj0qc1oEUp0Ywh2-gvK8L6s6ttg6oHyu",👇🏻👇🏻👇🏻👇🏻👇🏻,https://chat.whatsapp.com/IftlUR0CRmT0kfI0isaiQN?mode=gi_t,
GOLFITO,"🚔🚔 GOLFITO 🚔🚔

CURSO TEÓRICO PARA LICENCIAS

FECHA: DOMINGO 21 DE DICIEMBRE 

🇨🇷ÚNICO DÍA🇨🇷

ENLACE: https://chat.whatsapp.com/KdqVv2JOYvo7W04n32fo1y?mode=hqrt3

LUGAR:  AUDITORIO IGLESIA BIBLICA BAUTISTA. CONTIGUO AL HOTEL SIERRA

UBICACIÓN: https://maps.app.goo.gl/PCFBBhThqzMn8Gwr6

INICIO: 1 DE LA TARDE 

FINAL: 3 DE LA TARDE 

🧍🏻‍♂️1 PERSONA: 15 MIL COLONES

🧍🏻‍♂️🧍🏻‍♂️2 PERSONAS: 25 MIL COLONES 

🧍🏻‍♂️🧍🏻‍♂️🧍🏻‍♂️3 PERSONAS: 30 MIL COLONES 

 (se paga hasta ese mismo día en efectivo) 

INCLUYE:
📚 Cita para el examen teórico 
📚 Videos de las clases grabadas por capítulos 
📚 Metodología de estudio en línea por 10 días posterior a la clase presencial
📚 Audio resumen del manual del conductor version 2025 
📚 Resumen actualizado del libro en pdf versión 2025 
📚 Manual del conductor en pdf versión 2025 
📚 Audiolibro del manual del conductor versión 2025 
📚 Guía de estudio de alto rendimiento
📚 Prácticas de examen en línea con revisión inmediata
📚 Explicación de preguntas en línea de manera automática
📚 Servicio de tutoria vía WhatsApp para atención de dudas y preguntas

Más info al: 50 01 01 01","Para reservar su espacio solo debe unirse al grupo

Imagen=1Tj0qc1oEUp0Ywh2-gvK8L6s6ttg6oHyu",👇🏻👇🏻👇🏻👇🏻👇🏻,https://chat.whatsapp.com/KdqVv2JOYvo7W04n32fo1y?mode=hqrt3,"Esta es la información del último curso que tuvimos.

Apenas tenga una fecha establecida para el próximo curso le estaré avisando

Bendiciones "
GRECIA,"🚔🚔 GRECIA 🚔🚔

CURSO TEÓRICO PARA LICENCIAS

FECHA: SÁBADO 09 DE MAYO

🇨🇷ÚNICO DÍA🇨🇷

ENLACE: https://chat.whatsapp.com/DdmH7e004TUHWFD9gj7YPx?mode=gi_t

LUGAR:  CENTRO DE ADORACIÓN SHEKINÁ. 25 METROS NORTE DE LOS TRIBUNALES DE JUSTICIA DE GRECIA

UBICACIÓN: https://maps.app.goo.gl/TYoyiRGxE4QYMSCYA

INICIO: 4:30 DE LA TARDE 

FINAL: 6:30 DE LA TARDE 

🧍🏻‍♂️1 PERSONA: 15 MIL COLONES

🧍🏻‍♂️🧍🏻‍♂️2 PERSONAS: 25 MIL COLONES 

🧍🏻‍♂️🧍🏻‍♂️🧍🏻‍♂️3 PERSONAS: 30 MIL COLONES 

 (se paga hasta ese mismo día en efectivo) 

INCLUYE:
📚 Cita para el examen teórico 
📚 Metodología de estudio en línea por 6 días posterior a la clase presencial
📚 Audio resumen del manual del conductor version 2026 
📚 Resumen actualizado del libro en pdf versión 2026 
📚 Manual del conductor en pdf versión 2026 
📚 Audiolibro del manual del conductor versión 2026 
📚 Guía de estudio de alto rendimiento
📚 Prácticas de examen en línea con revisión inmediata
📚 Explicación de preguntas en línea de manera automática
📚 Servicio de tutoria vía WhatsApp para atención de dudas y preguntas

Más info al: 50 01 01 01","Para reservar su espacio solo debe unirse al grupo

Imagen=1Tj0qc1oEUp0Ywh2-gvK8L6s6ttg6oHyu",👇🏻👇🏻👇🏻👇🏻👇🏻,https://chat.whatsapp.com/DdmH7e004TUHWFD9gj7YPx?mode=gi_t,
GUAPILES,"🚔🚔 GUÁPILES 🚔🚔

CURSO TEÓRICO PARA LICENCIAS

FECHA: DOMINGO 26 DE ABRIL

🇨🇷ÚNICO DÍA🇨🇷

ENLACE: https://chat.whatsapp.com/J8YMCL638L8LrAOJBWXhRr?mode=gi_t

LUGAR:  CENTRO EDUCATIVO GREEN VALLEY. 1 KILÓMETRO SUR DE PEQUEÑO MUNDO

UBICACIÓN: https://maps.app.goo.gl/5hgmFMM7fxX9yYw37

INICIO: 10 DE LA MAÑANA 

FINAL: 12 MEDIODÍA

🧍🏻‍♂️1 PERSONA: 15 MIL COLONES

🧍🏻‍♂️🧍🏻‍♂️2 PERSONAS: 25 MIL COLONES 

🧍🏻‍♂️🧍🏻‍♂️🧍🏻‍♂️3 PERSONAS: 30 MIL COLONES 

 (se paga hasta ese mismo día en efectivo) 

INCLUYE:
📚 Cita para el examen teórico 
📚 Metodología de estudio en línea por 6 días posterior a la clase presencial
📚 Audio resumen del manual del conductor version 2026 
📚 Resumen actualizado del libro en pdf versión 2026 
📚 Manual del conductor en pdf versión 2026 
📚 Audiolibro del manual del conductor versión 2026 
📚 Guía de estudio de alto rendimiento
📚 Prácticas de examen en línea con revisión inmediata
📚 Explicación de preguntas en línea de manera automática
📚 Servicio de tutoria vía WhatsApp para atención de dudas y preguntas

Más info al: 50 01 01 01","Para reservar su espacio solo debe unirse al grupo

Imagen=1Tj0qc1oEUp0Ywh2-gvK8L6s6ttg6oHyu",👇🏻👇🏻👇🏻👇🏻👇🏻,https://chat.whatsapp.com/J8YMCL638L8LrAOJBWXhRr?mode=gi_t,
GUAYABO,"CURSO TEÓRICO PARA LICENCIAS

🚔🚔 GUAYABO 🚔🚔

FECHA: VIERNES 24 DE ABRIL 

🎯ÚNICO DÍA🎯

ENLACE: https://chat.whatsapp.com/JrnI0gc749NIfrnBK1EaBy?mode=gi_t

LUGAR: IGLESIA BÍBLICA CAMINO DE ESPERANZA

UBICACIÓN: https://maps.app.goo.gl/Xr3ufYpMLp9GstGD7

INICIO: 5 DE LA TARDE 

FINAL: 7 DE LA NOCHE 

🧍🏻‍♂️1 PERSONA: 15 MIL COLONES

🧍🏻‍♂️🧍🏻‍♂️2 PERSONAS: 25 MIL COLONES 

🧍🏻‍♂️🧍🏻‍♂️🧍🏻‍♂️3 PERSONAS: 30 MIL COLONES 

 (se paga hasta ese mismo día en efectivo) 

INCLUYE:
📚 Cita para el examen teórico 
📚 Metodología de estudio en línea por 6 días posterior a la clase presencial
📚 Audio resumen del manual del conductor version 2026 
📚 Resumen actualizado del libro en pdf versión 2026 
📚 Manual del conductor en pdf versión 2026 
📚 Audiolibro del manual del conductor versión 2026 
📚 Guía de estudio de alto rendimiento
📚 Prácticas de examen en línea con revisión inmediata
📚 Explicación de preguntas en línea de manera automática
📚 Servicio de tutoria vía WhatsApp para atención de dudas y preguntas

Más info al: 50010101 

Les esperamos a todos!!!","Para reservar su espacio solo debe unirse al grupo

Imagen=1Tj0qc1oEUp0Ywh2-gvK8L6s6ttg6oHyu",👇🏻👇🏻👇🏻👇🏻👇🏻,https://chat.whatsapp.com/JrnI0gc749NIfrnBK1EaBy?mode=gi_t,
HEREDIA,"🚔🚔 HEREDIA 🚔🚔

CURSO TEÓRICO PARA LICENCIAS

FECHA: DOMINGO 17 DE MAYO

🇨🇷ÚNICO DÍA🇨🇷

ENLACE: https://chat.whatsapp.com/HT8h5vAKorD16pqN3amSeE?mode=gi_t

LUGAR:  AUDITORIO IGLESIA CASA DE RESTAURACIÓN EN LA AURORA DE HEREDIA. DEL PALÍ 300 METROS NORTE. CONTIGUO A TORRES PIZZA

UBICACIÓN: https://maps.app.goo.gl/Dz8pDsxxkxwAosjZ9

INICIO: 1 DE LA TARDE 

FINAL: 3 DE LA TARDE 

🧍🏻‍♂️1 PERSONA: 15 MIL COLONES

🧍🏻‍♂️🧍🏻‍♂️2 PERSONAS: 25 MIL COLONES 

🧍🏻‍♂️🧍🏻‍♂️🧍🏻‍♂️3 PERSONAS: 30 MIL COLONES 

 (se paga hasta ese mismo día en efectivo) 

INCLUYE:
📚 Cita para el examen teórico 
📚 Metodología de estudio en línea por 6 días posterior a la clase presencial
📚 Audio resumen del manual del conductor version 2026
📚 Resumen actualizado del libro en pdf versión 2026 
📚 Manual del conductor en pdf versión 2026
📚 Audiolibro del manual del conductor versión 2026 
📚 Guía de estudio de alto rendimiento
📚 Prácticas de examen en línea con revisión inmediata
📚 Explicación de preguntas en línea de manera automática
📚 Servicio de tutoria vía WhatsApp para atención de dudas y preguntas

Más info al: 50 01 01 01","Para reservar su espacio solo debe unirse al grupo

Imagen=1Tj0qc1oEUp0Ywh2-gvK8L6s6ttg6oHyu",👇🏻👇🏻👇🏻👇🏻👇🏻,https://chat.whatsapp.com/HT8h5vAKorD16pqN3amSeE?mode=gi_t,
HONE CREEK,"🚔🚔 HONE CREEK 🚔🚔

CURSO TEÓRICO PARA LICENCIAS

FECHA: SÁBADO 25 DE ABRIL

🇨🇷ÚNICO DÍA🇨🇷

ENLACE: https://chat.whatsapp.com/CaAF0rwQhvKLZXEGEznEB9?mode=gi_t

LUGAR:  IGLESIA ASAMBLEAS DE DIOS. 
CONTIGUO A LA BOMBA DE HONE CREEK 

UBICACIÓN: https://maps.app.goo.gl/tsne6pKXAg1FkTP3A

INICIO: 3 DE LA TARDE 

FINAL: 5 DE LA TARDE 

🧍🏻‍♂️1 PERSONA: 15 MIL COLONES

🧍🏻‍♂️🧍🏻‍♂️2 PERSONAS: 25 MIL COLONES 

🧍🏻‍♂️🧍🏻‍♂️🧍🏻‍♂️3 PERSONAS: 30 MIL COLONES 

 (se paga hasta ese mismo día en efectivo) 

INCLUYE:
📚 Cita para el examen teórico 
📚 Metodología de estudio en línea por 6 días posterior a la clase presencial
📚 Audio resumen del manual del conductor version 2026 
📚 Resumen actualizado del libro en pdf versión 2026 
📚 Manual del conductor en pdf versión 2026 
📚 Audiolibro del manual del conductor versión 2026 
📚 Guía de estudio de alto rendimiento 
📚 Prácticas de examen en línea con revisión inmediata
📚 Explicación de preguntas en línea de manera automática
📚 Servicio de tutoria vía WhatsApp para atención de dudas y preguntas

Más info al: 50 01 01 01","Para reservar su espacio solo debe unirse al grupo

Imagen=1Tj0qc1oEUp0Ywh2-gvK8L6s6ttg6oHyu",👇🏻👇🏻👇🏻👇🏻👇🏻,https://chat.whatsapp.com/CaAF0rwQhvKLZXEGEznEB9?mode=gi_t,
JACÓ,"🚔🚔 JACO 🚔🚔

CURSO TEÓRICO PARA LICENCIAS

FECHA: SÁBADO 23 DE MAYO

🇨🇷ÚNICO DÍA🇨🇷

ENLACE: https://chat.whatsapp.com/LEo3TvJzyV74EmvngRuJCD?mode=gi_t

LUGAR: HOTEL VILLA MONTANA

UBICACIÓN: https://maps.app.goo.gl/xtz7evKNbULMBoYt7

INICIO: 1 DE LA TARDE

FINAL: 3 DE LA TARDE

🧍🏻‍♂️1 PERSONA: 15 MIL COLONES

🧍🏻‍♂️🧍🏻‍♂️2 PERSONAS: 25 MIL COLONES 

🧍🏻‍♂️🧍🏻‍♂️🧍🏻‍♂️3 PERSONAS: 30 MIL COLONES 

 (se paga hasta ese mismo día en efectivo) 

INCLUYE:
📚 Cita para el examen teórico 
📚 Metodología de estudio en línea por 6 días posterior a la clase presencial
📚 Audio resumen del manual del conductor version 2026
📚 Resumen actualizado del libro en pdf versión 2026 
📚 Manual del conductor en pdf versión 2026 
📚 Audiolibro del manual del conductor versión 2026
📚 Guía de estudio de alto rendimiento
📚 Prácticas de examen en línea con revisión inmediata
📚 Explicación de preguntas en línea de manera automática
📚 Servicio de tutoria vía WhatsApp para atención de dudas y preguntas

Más info al: 50 01 01 01","Para reservar su espacio solo debe unirse al grupo

Imagen=1Tj0qc1oEUp0Ywh2-gvK8L6s6ttg6oHyu",👇🏻👇🏻👇🏻👇🏻👇🏻,https://chat.whatsapp.com/LEo3TvJzyV74EmvngRuJCD?mode=gi_t,
JICARAL,"🚔🚔 JICARAL 🚔🚔

CURSO TEÓRICO PARA LICENCIAS

FECHA:  SÁBADO 06 DE DICIEMBRE 

🇨🇷ÚNICO DÍA🇨🇷

ENLACE: https://chat.whatsapp.com/EYqcRwWDqvMDLMg3CLDBsx?mode=hqrt3

LUGAR: SALÓN COMUNAL DE JICARAL. A UN COSTADO DEL ESTADIO DE LA ASOCIACIÓN CÍVICA JICARALEÑA

UBICACIÓN: https://maps.app.goo.gl/J6C44qvntqcVUJgN7

INICIO: 1 DE LA TARDE 

FINAL: 3 DE LA TARDE 

🧍🏻‍♂️1 PERSONA: 15 MIL COLONES

🧍🏻‍♂️🧍🏻‍♂️2 PERSONAS: 25 MIL COLONES 

🧍🏻‍♂️🧍🏻‍♂️🧍🏻‍♂️3 PERSONAS: 30 MIL COLONES 

 (se paga hasta ese mismo día en efectivo) 

INCLUYE:
📚 Cita para el examen teórico 
📚 Videos de las clases grabadas por capítulos 
📚 Metodología de estudio en línea por 10 días posterior a la clase presencial
📚 Audio resumen del manual del conductor version 2025 
📚 Resumen actualizado del libro en pdf versión 2025 
📚 Manual del conductor en pdf versión 2025 
📚 Audiolibro del manual del conductor versión 2025 
📚 Guía de estudio de alto rendimiento
📚 Prácticas de examen en línea con revisión inmediata
📚 Explicación de preguntas en línea de manera automática
📚 Servicio de tutoria vía WhatsApp para atención de dudas y preguntas

Más info al: 50 01 01 01","Para reservar su espacio solo debe unirse al grupo

Imagen=1Tj0qc1oEUp0Ywh2-gvK8L6s6ttg6oHyu",👇🏻👇🏻👇🏻👇🏻👇🏻,https://chat.whatsapp.com/EYqcRwWDqvMDLMg3CLDBsx?mode=hqrt3,"Esta es la información del último curso que tuvimos.

Apenas tenga una fecha establecida para el próximo curso le estaré avisando

Bendiciones "
LA CRUZ,"🚔🚔 LA CRUZ 🚔🚔

CURSO TEÓRICO PARA LICENCIAS

FECHA: LUNES 30 DE MARZO 

🇨🇷ÚNICO DÍA🇨🇷

ENLACE: https://chat.whatsapp.com/IZSbYWKS68sGT72KhAreqS?mode=gi_t

LUGAR:  SALÓN PARROQUIAL LA CRUZ

UBICACIÓN: https://maps.app.goo.gl/3TenCRvhHhSttxgs7

INICIO: 5 DE LA TARDE 

FINAL: 7 DE LA NOCHE 

🧍🏻‍♂️1 PERSONA: 15 MIL COLONES

🧍🏻‍♂️🧍🏻‍♂️2 PERSONAS: 25 MIL COLONES 

🧍🏻‍♂️🧍🏻‍♂️🧍🏻‍♂️3 PERSONAS: 30 MIL COLONES 

 (se paga hasta ese mismo día en efectivo) 

INCLUYE:
📚 Cita para el examen teórico 
📚 Videos de las clases grabadas por capítulos 
📚 Metodología de estudio en línea por 10 días posterior a la clase presencial
📚 Audio resumen del manual del conductor version 2026 
📚 Resumen actualizado del libro en pdf versión 2026 
📚 Manual del conductor en pdf versión 2026 
📚 Audiolibro del manual del conductor versión 2026 
📚 Guía de estudio de alto rendimiento
📚 Prácticas de examen en línea con revisión inmediata
📚 Explicación de preguntas en línea de manera automática
📚 Servicio de tutoria vía WhatsApp para atención de dudas y preguntas

Más info al: 50 01 01 01","Para reservar su espacio solo debe unirse al grupo

Imagen=1Tj0qc1oEUp0Ywh2-gvK8L6s6ttg6oHyu",👇🏻👇🏻👇🏻👇🏻👇🏻,https://chat.whatsapp.com/IZSbYWKS68sGT72KhAreqS?mode=gi_t,
LA LIBERTAD DE SARDINAL,"🚔🚔 SARDINAL 🚔🚔

CURSO TEÓRICO PARA LICENCIAS

FECHA: VIERNES 05 DE DICIEMBRE 

🇨🇷ÚNICO DÍA🇨🇷

ENLACE: https://chat.whatsapp.com/KuhZvmpW6veJxqBqddSZc4?mode=wwt

LUGAR:  IGLESIA BÍBLICA EL MANANTIAL. De TWENTYS, 50 AL OESTE Y 100 SUR

UBICACIÓN: https://maps.app.goo.gl/CxZT9pusfyrUiwRGA

INICIO: 5 DE LA TARDE 

FINAL: 7 DE LA NOCHE 

🧍🏻‍♂️1 PERSONA: 15 MIL COLONES

🧍🏻‍♂️🧍🏻‍♂️2 PERSONAS: 25 MIL COLONES 

🧍🏻‍♂️🧍🏻‍♂️🧍🏻‍♂️3 PERSONAS: 30 MIL COLONES 

 (se paga hasta ese mismo día en efectivo) 

INCLUYE:
📚 Cita para el examen teórico 
📚 Videos de las clases grabadas por capítulos 
📚 Metodología de estudio en línea por 10 días posterior a la clase presencial
📚 Audio resumen del manual del conductor version 2025 
📚 Resumen actualizado del libro en pdf versión 2025 
📚 Manual del conductor en pdf versión 2025 
📚 Audiolibro del manual del conductor versión 2025 
📚 Guía de estudio de alto rendimiento
📚 Prácticas de examen en línea con revisión inmediata
📚 Explicación de preguntas en línea de manera automática
📚 Servicio de tutoria vía WhatsApp para atención de dudas y preguntas

Más info al: 50 01 01 01","Para reservar su espacio solo debe unirse al grupo

Imagen=1Tj0qc1oEUp0Ywh2-gvK8L6s6ttg6oHyu",👇🏻👇🏻👇🏻👇🏻👇🏻,https://chat.whatsapp.com/KuhZvmpW6veJxqBqddSZc4?mode=wwt,"Esta es la información del último curso que tuvimos.

Apenas tenga una fecha establecida para el próximo curso le estaré avisando

Bendiciones "
LAS JUNTAS,"🚔🚔 LAS JUNTAS 🚔🚔

CURSO TEÓRICO PARA LICENCIAS

FECHA: SÁBADO 11 DE ABRIL 

🇨🇷ÚNICO DÍA🇨🇷

ENLACE: https://chat.whatsapp.com/HBjgjVRuMNm9VepYaSjUz5?mode=gi_t

LUGAR: IGLESIA ASAMBLEAS DE DIOS EN BARRIO SAN JORGE. 600 METROS AL OESTE DEL ASERRADERO DE ABANGARES

UBICACIÓN: https://maps.app.goo.gl/Uur5YMHAnvsav7S98

INICIO: 2 DE LA TARDE 

FINAL:  4 DE LA TARDE 

🧍🏻‍♂️1 PERSONA: 15 MIL COLONES

🧍🏻‍♂️🧍🏻‍♂️2 PERSONAS: 25 MIL COLONES 

🧍🏻‍♂️🧍🏻‍♂️🧍🏻‍♂️3 PERSONAS: 30 MIL COLONES 

 (se paga hasta ese mismo día en efectivo) 

INCLUYE:
📚 Cita para el examen teórico 
📚 Metodología de estudio en línea por 6 días posterior a la clase presencial
📚 Audio resumen del manual del conductor version 2026 
📚 Resumen actualizado del libro en pdf versión 2026 
📚 Manual del conductor en pdf versión 2026 
📚 Audiolibro del manual del conductor versión 2026 
📚 Guía de estudio de alto rendimiento
📚 Prácticas de examen en línea con revisión inmediata
📚 Explicación de preguntas en línea de manera automática
📚 Servicio de tutoria vía WhatsApp para atención de dudas y preguntas

Más info al: 50 01 01 01","Para reservar su espacio solo debe unirse al grupo

Imagen=1Tj0qc1oEUp0Ywh2-gvK8L6s6ttg6oHyu",👇🏻👇🏻👇🏻👇🏻👇🏻,https://chat.whatsapp.com/HBjgjVRuMNm9VepYaSjUz5?mode=gi_t,
LAUREL,"🚔🚔 LAUREL 🚔🚔

CURSO TEÓRICO PARA LICENCIAS

FECHA: DOMINGO 24 DE MAYO 

🇨🇷ÚNICO DÍA🇨🇷

ENLACE: https://chat.whatsapp.com/Lm0TABktejJGAtb2k8pvlL?mode=gi_t

LUGAR:  CENTRO DE ADORACIÓN LAUREL. 
FRENTE MEGA SUPER 

UBICACIÓN: https://maps.app.goo.gl/mV59nUYmBwehe2RMA

INICIO: 3 DE LA TARDE 

FINAL: 5 DE LA TARDE

🧍🏻‍♂️1 PERSONA: 15 MIL COLONES

🧍🏻‍♂️🧍🏻‍♂️2 PERSONAS: 25 MIL COLONES 

🧍🏻‍♂️🧍🏻‍♂️🧍🏻‍♂️3 PERSONAS: 30 MIL COLONES 

 (se paga hasta ese mismo día en efectivo) 

INCLUYE:
📚 Cita para el examen teórico 
📚 Metodología de estudio en línea por 6 días posterior a la clase presencial
📚 Audio resumen del manual del conductor version 2026 
📚 Resumen actualizado del libro en pdf versión 2026 
📚 Manual del conductor en pdf versión 2026 
📚 Audiolibro del manual del conductor versión 2026 
📚 Guía de estudio de alto rendimiento
📚 Prácticas de examen en línea con revisión inmediata
📚 Explicación de preguntas en línea de manera automática
📚 Servicio de tutoria vía WhatsApp para atención de dudas y preguntas

Más info al: 50 01 01 01","Para reservar su espacio solo debe unirse al grupo

Imagen=1Tj0qc1oEUp0Ywh2-gvK8L6s6ttg6oHyu",👇🏻👇🏻👇🏻👇🏻👇🏻,https://chat.whatsapp.com/Lm0TABktejJGAtb2k8pvlL?mode=gi_t,
LIBERIA,"🚔🚔 LIBERIA 🚔🚔

CURSO TEÓRICO PARA LICENCIAS

FECHA: DOMINGO 17 DE MAYO 

🇨🇷ÚNICO DÍA🇨🇷

ENLACE: https://chat.whatsapp.com/IRhEcLxe5UpGEcCCODauKQ?mode=gi_t

LUGAR:  CURIA CATÓLICA. ANTIGUA ESCUELA SANTA ANA

UBICACIÓN: https://maps.app.goo.gl/BdyYBa8uYqje4sx66

INICIO: 10 DE LA MAÑANA 

FINAL: 12 MEDIODÍA 

🧍🏻‍♂️1 PERSONA: 15 MIL COLONES

🧍🏻‍♂️🧍🏻‍♂️2 PERSONAS: 25 MIL COLONES 

🧍🏻‍♂️🧍🏻‍♂️🧍🏻‍♂️3 PERSONAS: 30 MIL COLONES 

 (se paga hasta ese mismo día en efectivo) 

INCLUYE:
📚 Cita para el examen teórico 
📚 Metodología de estudio en línea por 6 días posterior a la clase presencial
📚 Audio resumen del manual del conductor version 2026 
📚 Resumen actualizado del libro en pdf versión 2026 
📚 Manual del conductor en pdf versión 2026 
📚 Audiolibro del manual del conductor versión 2026 
📚 Guía de estudio de alto rendimiento
📚 Prácticas de examen en línea con revisión inmediata
📚 Explicación de preguntas en línea de manera automática
📚 Servicio de tutoria vía WhatsApp para atención de dudas y preguntas

Más info al: 50 01 01 01","Para reservar su espacio solo debe unirse al grupo

Imagen=1Tj0qc1oEUp0Ywh2-gvK8L6s6ttg6oHyu",👇🏻👇🏻👇🏻👇🏻👇🏻,https://chat.whatsapp.com/IRhEcLxe5UpGEcCCODauKQ?mode=gi_t,
LIMÓN,"🚔🚔 LIMÓN 🚔🚔

CURSO TEÓRICO PARA LICENCIAS

FECHA: SÁBADO 25 DE ABRIL 

🇨🇷ÚNICO DÍA🇨🇷

ENLACE: https://chat.whatsapp.com/BocdCl1pJD989CgqVEOJxy?mode=gi_t

LUGAR:  AUDITORIO IGLESIA METODISTA LIMÓN. FRENTE A DAVIVIENDA

UBICACIÓN: https://maps.app.goo.gl/VQSuDAZiojAT95RZ9

INICIO: 5 DE LA TARDE 

FINAL: 7 DE LA NOCHE 

🧍🏻‍♂️1 PERSONA: 15 MIL COLONES

🧍🏻‍♂️🧍🏻‍♂️2 PERSONAS: 25 MIL COLONES 

🧍🏻‍♂️🧍🏻‍♂️🧍🏻‍♂️3 PERSONAS: 30 MIL COLONES 

 (se paga hasta ese mismo día en efectivo) 

INCLUYE:
📚 Cita para el examen teórico 
📚 Metodología de estudio en línea por 6 días posterior a la clase presencial
📚 Audio resumen del manual del conductor version 2026 
📚 Resumen actualizado del libro en pdf versión 2026 
📚 Manual del conductor en pdf versión 2026 
📚 Audiolibro del manual del conductor versión 2026 
📚 Guía de estudio de alto rendimiento
📚 Prácticas de examen en línea con revisión inmediata
📚 Explicación de preguntas en línea de manera automática
📚 Servicio de tutoria vía WhatsApp para atención de dudas y preguntas

Más info al: 50 01 01 01","Para reservar su espacio solo debe unirse al grupo

Imagen=1Tj0qc1oEUp0Ywh2-gvK8L6s6ttg6oHyu",👇🏻👇🏻👇🏻👇🏻👇🏻,https://chat.whatsapp.com/BocdCl1pJD989CgqVEOJxy?mode=gi_t,
MONTEVERDE,"🚔🚔 MONTEVERDE 🚔🚔

CURSO TEÓRICO PARA LICENCIAS

FECHA: SÁBADO 28 DE FEBRERO 

🇨🇷ÚNICO DÍA🇨🇷

ENLACE: https://chat.whatsapp.com/HrvzLSdKqDmGK15n2iXzEa?mode=gi_t

LUGAR:  AUDITORIO IGLESIA BERAKA. 150 METROS NORTE Y 25 METROS OESTE DEL ICE

UBICACIÓN: https://maps.app.goo.gl/iX6QLsVya2WB2vBy6

INICIO: 2 DE LA TARDE 

FINAL: 4 DE LA TARDE 

🧍🏻‍♂️1 PERSONA: 15 MIL COLONES

🧍🏻‍♂️🧍🏻‍♂️2 PERSONAS: 25 MIL COLONES 

🧍🏻‍♂️🧍🏻‍♂️🧍🏻‍♂️3 PERSONAS: 30 MIL COLONES 

 (se paga hasta ese mismo día en efectivo) 

INCLUYE:
📚 Cita para el examen teórico 
📚 Videos de las clases grabadas por capítulos 
📚 Metodología de estudio en línea por 10 días posterior a la clase presencial
📚 Audio resumen del manual del conductor version 2026 
📚 Resumen actualizado del libro en pdf versión 2026 
📚 Manual del conductor en pdf versión 2026 
📚 Audiolibro del manual del conductor versión 2026 
📚 Guía de estudio de alto rendimiento
📚 Prácticas de examen en línea con revisión inmediata
📚 Explicación de preguntas en línea de manera automática
📚 Servicio de tutoria vía WhatsApp para atención de dudas y preguntas

Más info al: 50 01 01 01","Para reservar su espacio solo debe unirse al grupo

Imagen=1Tj0qc1oEUp0Ywh2-gvK8L6s6ttg6oHyu",👇🏻👇🏻👇🏻👇🏻👇🏻,https://chat.whatsapp.com/HrvzLSdKqDmGK15n2iXzEa?mode=gi_t,"Esta es la información del último curso que tuvimos.

Apenas tenga una fecha establecida para el próximo curso le estaré avisando

Bendiciones "
NANDAYURE,"🚔🚔 NANDAYURE 🚔🚔

CURSO TEÓRICO PARA LICENCIAS

FECHA: SÁBADO 11 DE ABRIL 

🇨🇷ÚNICO DÍA🇨🇷

ENLACE: https://chat.whatsapp.com/BbBE0aNVLAgIVD4m20WnO6?mode=gi_t

LUGAR: AUDITORIO IGLESIA OASIS DE ESPERANZA 

UBICACIÓN: https://maps.app.goo.gl/6E3QuhwGJhSfqFWK7

INICIO: 12 MEDIODÍA 

FINAL: 2 DE LA TARDE 

🧍🏻‍♂️1 PERSONA: 15 MIL COLONES

🧍🏻‍♂️🧍🏻‍♂️2 PERSONAS: 25 MIL COLONES 

🧍🏻‍♂️🧍🏻‍♂️🧍🏻‍♂️3 PERSONAS: 30 MIL COLONES 

(se paga hasta ese mismo día en efectivo) 

INCLUYE:
📚 Cita para el examen teórico  
📚 Metodología de estudio en línea por 6 días posterior a la clase presencial
📚 Audio resumen del manual del conductor version 2026 
📚 Resumen actualizado del libro en pdf versión 2026 
📚 Manual del conductor en pdf versión 2026 
📚 Audiolibro del manual del conductor versión 2026 
📚 Guía de estudio de alto rendimiento
📚 Prácticas de examen en línea con revisión inmediata
📚 Explicación de preguntas en línea de manera automática
📚 Servicio de tutoria vía WhatsApp para atención de dudas y preguntas

Más info al: 50 01 01 01","Para reservar su espacio solo debe unirse al grupo

Imagen=1Tj0qc1oEUp0Ywh2-gvK8L6s6ttg6oHyu",👇🏻👇🏻👇🏻👇🏻👇🏻,https://chat.whatsapp.com/BbBE0aNVLAgIVD4m20WnO6?mode=gi_t,
NARANJO,"🚔🚔 NARANJO 🚔🚔

CURSO TEÓRICO PARA LICENCIAS

FECHA: DOMINGO 10 DE MAYO

🇨🇷ÚNICO DÍA🇨🇷

ENLACE: https://chat.whatsapp.com/Hsg4gS1MdTIBOCpjXdVYKF?mode=gi_t

LUGAR:  CENTRO DE EVENTOS RENACER. ANTIGUA CUEVA DEL SAPO

UBICACIÓN: https://maps.app.goo.gl/A4FLJ7pAYGrG8R1S8

INICIO: 10 DE LA MAÑANA 

FINAL: 12 MEDIODÍA 

🧍🏻‍♂️1 PERSONA: 15 MIL COLONES

🧍🏻‍♂️🧍🏻‍♂️2 PERSONAS: 25 MIL COLONES 

🧍🏻‍♂️🧍🏻‍♂️🧍🏻‍♂️3 PERSONAS: 30 MIL COLONES 

 (se paga hasta ese mismo día en efectivo) 

INCLUYE:
📚 Cita para el examen teórico 
📚 Metodología de estudio en línea por 6 días posterior a la clase presencial
📚 Audio resumen del manual del conductor version 2026 
📚 Resumen actualizado del libro en pdf versión 2026 
📚 Manual del conductor en pdf versión 2026 
📚 Audiolibro del manual del conductor versión 2026 
📚 Guía de estudio de alto rendimiento
📚 Prácticas de examen en línea con revisión inmediata
📚 Explicación de preguntas en línea de manera automática
📚 Servicio de tutoria vía WhatsApp para atención de dudas y preguntas

Más info al: 50 01 01 01","Para reservar su espacio solo debe unirse al grupo

Imagen=1Tj0qc1oEUp0Ywh2-gvK8L6s6ttg6oHyu",👇🏻👇🏻👇🏻👇🏻👇🏻,https://chat.whatsapp.com/Hsg4gS1MdTIBOCpjXdVYKF?mode=gi_t,
NICOYA,"🚔🚔 NICOYA 🚔🚔

CURSO TEÓRICO PARA LICENCIAS

FECHA: DOMINGO 12 DE ABRIL 

🇨🇷ÚNICO DÍA🇨🇷

ENLACE: https://chat.whatsapp.com/DkvmYXhReu34jKJFlILNBF?mode=gi_t

LUGAR:  SALÓN COMUNAL SANTA LUCÍA. CONTIGUO A RADIO CULTURAL NICOYANA

UBICACIÓN: https://maps.app.goo.gl/KmPwoHdm3qoHGrzP8

INICIO: 10 DE LA MAÑANA 

FINAL: 12 MEDIODÍA 

🧍🏻‍♂️1 PERSONA: 15 MIL COLONES

🧍🏻‍♂️🧍🏻‍♂️2 PERSONAS: 25 MIL COLONES 

🧍🏻‍♂️🧍🏻‍♂️🧍🏻‍♂️3 PERSONAS: 30 MIL COLONES 

 (se paga hasta ese mismo día en efectivo) 

INCLUYE:
📚 Cita para el examen teórico 
📚 Metodología de estudio en línea por 6 días posterior a la clase presencial
📚 Audio resumen del manual del conductor version 2026 
📚 Resumen actualizado del libro en pdf versión 2026 
📚 Manual del conductor en pdf versión 2026 
📚 Audiolibro del manual del conductor versión 2026 
📚 Guía de estudio de alto rendimiento
📚 Prácticas de examen en línea con revisión inmediata
📚 Explicación de preguntas en línea de manera automática
📚 Servicio de tutoria vía WhatsApp para atención de dudas y preguntas

Más info al: 50 01 01 01","Para reservar su espacio solo debe unirse al grupo

Imagen=1Tj0qc1oEUp0Ywh2-gvK8L6s6ttg6oHyu",👇🏻👇🏻👇🏻👇🏻👇🏻,https://chat.whatsapp.com/DkvmYXhReu34jKJFlILNBF?mode=gi_t,
Nosara,"CURSO TEÓRICO PARA LICENCIAS

🚔🚔 NOSARA 🚔🚔

FECHA: DOMINGO 08 DE DICIEMBRE 

🛞🛞ÚNICO DÍA🛞🛞

ENLACE: https://chat.whatsapp.com/BmPFdwm3ZyHC9FdyeTuDqL

LUGAR: SALÓN MULTIUSOS DE NOSARA. CONTIGUO AL EBAIS

UBICACIÓN: https://maps.app.goo.gl/vofa1tPw8mW5QKDW8

INICIO: 10 DE LA MANAÑA 

FINAL: 12 MEDIODÍA 

🚶🏻‍♂️INDIVIDUAL : 15 MIL COLONES

🚶🏻‍♂️🚶🏻‍♂️+🏃🏻‍♂️ PRECIO SOLIDARIO: pagan dos personas y el tercero ingresa gratis 

 (se paga hasta ese mismo día en efectivo) 

INCLUYE:
📚 Cita para el examen teórico 
📚 Videos de las clases grabadas por capítulos 
📚 Metodología de estudio en línea por 10 días posterior a la clase presencial
📚 Audio resumen del manual del conductor version 2024
📚 Resumen actualizado del libro en pdf versión 2024
📚 Manual del conductor en pdf versión 2024
📚 Audiolibro del manual del conductor versión 2024
📚 Guía de estudio de alto rendimiento
📚 Prácticas de examen en línea con revisión inmediata
📚 Explicación de preguntas en línea de manera automática
📚 Servicio de tutoria vía WhatsApp para atención de dudas y preguntas

Más info al: 89109995","Para reservar su espacio solo debe unirse al grupo

Imagen=1Tj0qc1oEUp0Ywh2-gvK8L6s6ttg6oHyu",👇🏻👇🏻👇🏻👇🏻👇🏻,https://chat.whatsapp.com/BmPFdwm3ZyHC9FdyeTuDqL,"Esta es la información del último curso que tuvimos.

Apenas tenga una fecha establecida para el próximo curso le estaré avisando

Bendiciones "
PALMAR NORTE,"🚔🚔 PALMAR NORTE 🚔🚔

CURSO TEÓRICO PARA LICENCIAS

FECHA: SÁBADO 20 DE DICIEMBRE 

🇨🇷ÚNICO DÍA🇨🇷

ENLACE: https://chat.whatsapp.com/Hsm00Wwvmc6Gfh8rGyzuX1?mode=hqrt3

LUGAR:   RESTAURANTE RANCHO MI TATA

UBICACIÓN: https://maps.app.goo.gl/YYGYDFW1n9LjhYKu6

INICIO: 6 DE LA TARDE 

FINAL: 8 DE LA NOCHE 

🧍🏻‍♂️1 PERSONA: 15 MIL COLONES

🧍🏻‍♂️🧍🏻‍♂️2 PERSONAS: 25 MIL COLONES 

🧍🏻‍♂️🧍🏻‍♂️🧍🏻‍♂️3 PERSONAS: 30 MIL COLONES 

 (se paga hasta ese mismo día en efectivo) 

INCLUYE:
📚 Cita para el examen teórico 
📚 Videos de las clases grabadas por capítulos 
📚 Metodología de estudio en línea por 10 días posterior a la clase presencial
📚 Audio resumen del manual del conductor version 2025 
📚 Resumen actualizado del libro en pdf versión 2025 
📚 Manual del conductor en pdf versión 2025 
📚 Audiolibro del manual del conductor versión 2025 
📚 Guía de estudio de alto rendimiento
📚 Prácticas de examen en línea con revisión inmediata
📚 Explicación de preguntas en línea de manera automática
📚 Servicio de tutoria vía WhatsApp para atención de dudas y preguntas

Más info al: 50 01 01 01","Para reservar su espacio solo debe unirse al grupo

Imagen=1Tj0qc1oEUp0Ywh2-gvK8L6s6ttg6oHyu",👇🏻👇🏻👇🏻👇🏻👇🏻,https://chat.whatsapp.com/Hsm00Wwvmc6Gfh8rGyzuX1?mode=hqrt3,"Esta es la información del último curso que tuvimos.

Apenas tenga una fecha establecida para el próximo curso le estaré avisando

Bendiciones "
PALMARES,"CURSO TEÓRICO PARA LICENCIAS

🚔🚔 PALMARES 🚔🚔

FECHA: SÁBADO 28 DE JUNIO 

🇨🇷ÚNICO DÍA🇨🇷

ENLACE: https://chat.whatsapp.com/CM6dblMJmR61AD89QFvsg8

LUGAR:  AUDITORIO  LA VIÑA PALMARES. 
100 METROS SUR DEL SUPERCOOP EN ESQUIPULAS-PALMARES 

UBICACIÓN: https://maps.app.goo.gl/9WUtREDqj5kHHQ8QA

INICIO: 1:30 DE LA TARDE 

FINAL: 3:30 DE LA TARDE 

🧍🏻‍♂️1 PERSONA: 15 MIL COLONES

🧍🏻‍♂️🧍🏻‍♂️2 PERSONAS: 25 MIL COLONES 

🧍🏻‍♂️🧍🏻‍♂️🧍🏻‍♂️3 PERSONAS: 30 MIL COLONES 

 (se paga hasta ese mismo día en efectivo) 

INCLUYE:
📚 Cita para el examen teórico 
📚 Videos de las clases grabadas por capítulos 
📚 Metodología de estudio en línea por 10 días posterior a la clase presencial
📚 Audio resumen del manual del conductor version 2025 
📚 Resumen actualizado del libro en pdf versión 2025 
📚 Manual del conductor en pdf versión 2025 
📚 Audiolibro del manual del conductor versión 2025 
📚 Guía de estudio de alto rendimiento
📚 Prácticas de examen en línea con revisión inmediata
📚 Explicación de preguntas en línea de manera automática
📚 Servicio de tutoria vía WhatsApp para atención de dudas y preguntas

Más info al: 50 01 01 01","Para reservar su espacio solo debe unirse al grupo

Imagen=1Tj0qc1oEUp0Ywh2-gvK8L6s6ttg6oHyu",👇🏻👇🏻👇🏻👇🏻👇🏻,https://chat.whatsapp.com/CM6dblMJmR61AD89QFvsg8,"Esta es la información del último curso que tuvimos.

Apenas tenga una fecha establecida para el próximo curso le estaré avisando

Bendiciones "
PAQUERA,"CURSO TEÓRICO PARA LICENCIAS

🚔🚔 PAQUERA 🚔🚔

FECHA: SÁBADO 14 DE DICIEMBRE 

🛞🛞ÚNICO DÍA🛞🛞

ENLACE: https://chat.whatsapp.com/KpXnlV334V7Be7ddZ5Plx8

LUGAR: SALÓN PARROQUIAL DE PAQUERA. A UN COSTADO DEL ESTADIO MUNICIPAL DE PAQUERA

UBICACIÓN: https://maps.app.goo.gl/i3wQr7idVSW9Qd9AA

INICIO: 1 DE LA TARDE 

FINAL:  3 DE LA TARDE 

🚶🏻‍♂️INDIVIDUAL : 15 MIL COLONES

🚶🏻‍♂️🚶🏻‍♂️+🏃🏻‍♂️ PRECIO SOLIDARIO: pagan dos personas y el tercero ingresa gratis 

 (se paga hasta ese mismo día en efectivo) 

INCLUYE:
📚 Cita para el examen teórico 
📚 Videos de las clases grabadas por capítulos 
📚 Metodología de estudio en línea por 10 días posterior a la clase presencial
📚 Audio resumen del manual del conductor version 2024
📚 Resumen actualizado del libro en pdf versión 2024
📚 Manual del conductor en pdf versión 2024
📚 Audiolibro del manual del conductor versión 2024
📚 Guía de estudio de alto rendimiento
📚 Prácticas de examen en línea con revisión inmediata
📚 Explicación de preguntas en línea de manera automática
📚 Servicio de tutoria vía WhatsApp para atención de dudas y preguntas

Más info al: 50010101 ","Para reservar su espacio solo debe unirse al grupo

Imagen=1Tj0qc1oEUp0Ywh2-gvK8L6s6ttg6oHyu",👇🏻👇🏻👇🏻👇🏻👇🏻,https://chat.whatsapp.com/KpXnlV334V7Be7ddZ5Plx8,"Esta es la información del último curso que tuvimos.

Apenas tenga una fecha establecida para el próximo curso le estaré avisando

Bendiciones "
PARRITA,"🚔🚔 PARRITA 🚔🚔

CURSO TEÓRICO PARA LICENCIAS

FECHA: SÁBADO 23 DE MAYO

🇨🇷ÚNICO DÍA🇨🇷

ENLACE: https://chat.whatsapp.com/JfHpT629kfQKPwOVDkNIYL?mode=gi_t

LUGAR:  IGLESIA OASIS DE AMOR. 150 METROS AL NORTE DEL TALLER DE COOPECALIFORNIA EN BARRIO LOS ANGELES

UBICACIÓN: https://maps.app.goo.gl/uBp9fecx8r7d9fWa8

INICIO: 5 DE LA TARDE 

FINAL: 7 DE LA TARDE 

🧍🏻‍♂️1 PERSONA: 15 MIL COLONES

🧍🏻‍♂️🧍🏻‍♂️2 PERSONAS: 25 MIL COLONES 

🧍🏻‍♂️🧍🏻‍♂️🧍🏻‍♂️3 PERSONAS: 30 MIL COLONES 

 (se paga hasta ese mismo día en efectivo) 

INCLUYE:
📚 Cita para el examen teórico 
📚 Metodología de estudio en línea por 6 días posterior a la clase presencial
📚 Audio resumen del manual del conductor version 2026 
📚 Resumen actualizado del libro en pdf versión 2026 
📚 Manual del conductor en pdf versión 2026 
📚 Audiolibro del manual del conductor versión 2026 
📚 Guía de estudio de alto rendimiento
📚 Prácticas de examen en línea con revisión inmediata
📚 Explicación de preguntas en línea de manera automática
📚 Servicio de tutoria vía WhatsApp para atención de dudas y preguntas

Más info al: 50 01 01 01","Para reservar su espacio solo debe unirse al grupo

Imagen=1Tj0qc1oEUp0Ywh2-gvK8L6s6ttg6oHyu",👇🏻👇🏻👇🏻👇🏻👇🏻,https://chat.whatsapp.com/JfHpT629kfQKPwOVDkNIYL?mode=gi_t,
PASO CANOAS,"🚔🚔 PASO CANOAS 🚔🚔

CURSO TEÓRICO PARA LICENCIAS

FECHA: DOMINGO 29 DE MARZO 

🇨🇷ÚNICO DÍA🇨🇷

ENLACE: https://chat.whatsapp.com/GRjWVhSpIJ6CXp7M3PCYm8?mode=gi_t

LUGAR:  AUDITORIO IGLESIA CUADRANGULAR. 1,2 KILÓMETROS AL NORTE DEL MALL JERUSALEM. FRENTE AL ABASTECEDOR ALEJANDRA EN BARRIO SAN JORGE

UBICACIÓN: https://maps.app.goo.gl/J9zdzHfAbUQMmvRCA

INICIO: 1 DE LA TARDE 

FINAL: 3 DE LA TARDE

🧍🏻‍♂️1 PERSONA: 15 MIL COLONES

🧍🏻‍♂️🧍🏻‍♂️2 PERSONAS: 25 MIL COLONES 

🧍🏻‍♂️🧍🏻‍♂️🧍🏻‍♂️3 PERSONAS: 30 MIL COLONES 

 (se paga hasta ese mismo día en efectivo) 

INCLUYE:
📚 Cita para el examen teórico 
📚 Videos de las clases grabadas por capítulos 
📚 Metodología de estudio en línea por 10 días posterior a la clase presencial
📚 Audio resumen del manual del conductor version 2026
📚 Resumen actualizado del libro en pdf versión 2026
📚 Manual del conductor en pdf versión 2026
📚 Audiolibro del manual del conductor versión 2026 
📚 Guía de estudio de alto rendimiento
📚 Prácticas de examen en línea con revisión inmediata
📚 Explicación de preguntas en línea de manera automática
📚 Servicio de tutoria vía WhatsApp para atención de dudas y preguntas

Más info al: 50 01 01 01","Para reservar su espacio solo debe unirse al grupo

Imagen=1Tj0qc1oEUp0Ywh2-gvK8L6s6ttg6oHyu",👇🏻👇🏻👇🏻👇🏻👇🏻,https://chat.whatsapp.com/GRjWVhSpIJ6CXp7M3PCYm8?mode=gi_t,
PAVAS,"CURSO TEÓRICO PARA LICENCIAS

🚔🚔 PAVAS 🚔🚔

FECHA: DOMINGO 09 DE MARZO

🎯ÚNICO DÍA🎯

ENLACE: https://chat.whatsapp.com/GNoMEeXRoY49L6MGikBYPC

LUGAR: 800 OESTE 75 SUR EMBAJADA AMERICANA EN PAVAS 

UBICACIÓN: https://maps.app.goo.gl/eXfw5tnq8KtrYJDE7

INICIO: 1 DE LA TARDE 

FINAL: 3 DE LA TARDE 

🧍🏻‍♂️1 PERSONA: 15 MIL COLONES

🧍🏻‍♂️🧍🏻‍♂️2 PERSONAS: 25 MIL COLONES 

🧍🏻‍♂️🧍🏻‍♂️🧍🏻‍♂️3 PERSONAS: 30 MIL COLONES 

 (se paga hasta ese mismo día en efectivo) 

INCLUYE:
📚 Cita para el examen teórico 
📚 Videos de las clases grabadas por capítulos 
📚 Metodología de estudio en línea por 10 días posterior a la clase presencial
📚 Audio resumen del manual del conductor version 2025
📚 Resumen actualizado del libro en pdf versión 2025
📚 Manual del conductor en pdf versión 2025
📚 Audiolibro del manual del conductor versión 2025
📚 Guía de estudio de alto rendimiento
📚 Prácticas de examen en línea con revisión inmediata
📚 Explicación de preguntas en línea de manera automática
📚 Servicio de tutoria vía WhatsApp para atención de dudas y preguntas

Más info al: 50010101 

Les esperamos a todos!!!","Para reservar su espacio solo debe unirse al grupo

Imagen=1Tj0qc1oEUp0Ywh2-gvK8L6s6ttg6oHyu",👇🏻👇🏻👇🏻👇🏻👇🏻,https://chat.whatsapp.com/GNoMEeXRoY49L6MGikBYPC,"Esta es la información del último curso que tuvimos.

Apenas tenga una fecha establecida para el próximo curso le estaré avisando

Bendiciones "
PEREZ ZELEDON,"🚔🚔 PÉREZ ZELEDÓN 🚔🚔

CURSO TEÓRICO PARA LICENCIAS

FECHA: DOMINGO 24 DE MAYO

🇨🇷ÚNICO DÍA🇨🇷

ENLACE: https://chat.whatsapp.com/L4OFbLOw9sjCIW9wFB8Wdz?mode=gi_t

LUGAR: HOTEL DEL SUR

UBICACIÓN: https://maps.app.goo.gl/RNDjP4NLrRQG2xpA7?g_st=ac

INICIO: 10 DE LA MAÑANA 

FINAL: 12 MEDIODÍA 

🧍🏻‍♂️1 PERSONA: 15 MIL COLONES

🧍🏻‍♂️🧍🏻‍♂️2 PERSONAS: 25 MIL COLONES 

🧍🏻‍♂️🧍🏻‍♂️🧍🏻‍♂️3 PERSONAS: 30 MIL COLONES 

 (se paga hasta ese mismo día en efectivo) 

INCLUYE:
📚 Cita para el examen teórico 
📚 Metodología de estudio en línea por 6 días posterior a la clase presencial
📚 Audio resumen del manual del conductor version 2026 
📚 Resumen actualizado del libro en pdf versión 2026 
📚 Manual del conductor en pdf versión 2026 
📚 Audiolibro del manual del conductor versión 2026 
📚 Guía de estudio de alto rendimiento
📚 Prácticas de examen en línea con revisión inmediata
📚 Explicación de preguntas en línea de manera automática
📚 Servicio de tutoria vía WhatsApp para atención de dudas y preguntas

Más info al: 50 01 01 01","Para reservar su espacio solo debe unirse al grupo

Imagen=1Tj0qc1oEUp0Ywh2-gvK8L6s6ttg6oHyu",👇🏻👇🏻👇🏻👇🏻👇🏻,https://chat.whatsapp.com/L4OFbLOw9sjCIW9wFB8Wdz?mode=gi_t,
PITAL,"🚔🚔 PITAL 🚔🚔

CURSO TEÓRICO PARA LICENCIAS

FECHA: DOMINGO 10 DE MAYO

🇨🇷ÚNICO DÍA🇨🇷

ENLACE: https://chat.whatsapp.com/LTGmetOLpE53xgb8YwHszd?mode=gi_t

LUGAR:  CRUZ ROJA PITAL

UBICACIÓN: https://maps.app.goo.gl/7V2hDrbiHcYiDUbW8

INICIO: 10 DE LA MANAÑA 

FINAL: 12 MEDIODÍA 

🧍🏻‍♂️1 PERSONA: 15 MIL COLONES

🧍🏻‍♂️🧍🏻‍♂️2 PERSONAS: 25 MIL COLONES 

🧍🏻‍♂️🧍🏻‍♂️🧍🏻‍♂️3 PERSONAS: 30 MIL COLONES 

 (se paga hasta ese mismo día en efectivo) 

INCLUYE:
📚 Cita para el examen teórico 
📚 Metodología de estudio en línea por 6 días posterior a la clase presencial
📚 Audio resumen del manual del conductor version 2026 
📚 Resumen actualizado del libro en pdf versión 2026 
📚 Manual del conductor en pdf versión 2026 
📚 Audiolibro del manual del conductor versión 2026 
📚 Guía de estudio de alto rendimiento
📚 Prácticas de examen en línea con revisión inmediata
📚 Explicación de preguntas en línea de manera automática
📚 Servicio de tutoria vía WhatsApp para atención de dudas y preguntas

Más info al: 50 01 01 01","Para reservar su espacio solo debe unirse al grupo

Imagen=1Tj0qc1oEUp0Ywh2-gvK8L6s6ttg6oHyu",👇🏻👇🏻👇🏻👇🏻👇🏻,https://chat.whatsapp.com/LTGmetOLpE53xgb8YwHszd?mode=gi_t,
POTRERO,"🚔🚔 PLAYA POTRERO 🚔🚔

CURSO TEÓRICO PARA LICENCIAS

FECHA: SÁBADO 22 DE NOVIEMBRE 

🇨🇷ÚNICO DÍA🇨🇷

ENLACE: https://chat.whatsapp.com/LbLq2HotIZhJz0zYg5eQS7?mode=wwt

LUGAR: CLUB DE NIÑOS FRENTE A LA PLAZA DE POTRERO

UBICACIÓN: https://maps.app.goo.gl/nJreCgU1VkvhuLw19

INICIO: 2 DE LA TARDE 

FINAL: 4 DE LA TARDE 

🧍🏻‍♂️1 PERSONA: 15 MIL COLONES

🧍🏻‍♂️🧍🏻‍♂️2 PERSONAS: 25 MIL COLONES 

🧍🏻‍♂️🧍🏻‍♂️🧍🏻‍♂️3 PERSONAS: 30 MIL COLONES 

(se paga hasta ese mismo día en efectivo) 

INCLUYE:
📚 Cita para el examen teórico 
📚 Videos de las clases grabadas por capítulos 
📚 Metodología de estudio en línea por 10 días posterior a la clase presencial
📚 Audio resumen del manual del conductor version 2025 
📚 Resumen actualizado del libro en pdf versión 2025 
📚 Manual del conductor en pdf versión 2025 
📚 Audiolibro del manual del conductor versión 2025 
📚 Guía de estudio de alto rendimiento
📚 Prácticas de examen en línea con revisión inmediata
📚 Explicación de preguntas en línea de manera automática
📚 Servicio de tutoria vía WhatsApp para atención de dudas y preguntas

Más info al: 50 01 01 01","Para reservar su espacio solo debe unirse al grupo

Imagen=1Tj0qc1oEUp0Ywh2-gvK8L6s6ttg6oHyu",👇🏻👇🏻👇🏻👇🏻👇🏻,https://chat.whatsapp.com/LbLq2HotIZhJz0zYg5eQS7?mode=wwt,"Esta es la información del último curso que tuvimos.

Apenas tenga una fecha establecida para el próximo curso le estaré avisando

Bendiciones "
PUERTO JIMÉNEZ,"🚔🚔 PUERTO JIMÉNEZ 🚔🚔

CURSO TEÓRICO PARA LICENCIAS

FECHA: DOMINGO 14 DE SETIEMBRE 

🇨🇷ÚNICO DÍA🇨🇷

ENLACE: https://chat.whatsapp.com/KeVGsI3Rr9F9mby08MGPNg?mode=ac_t

LUGAR: SALÓN COMUNAL DE PUERTO JIMÉNEZ, CONTIGUO A LA OFICINA DE CORREOS DE COSTA RICA 

UBICACIÓN: https://maps.app.goo.gl/4bMx8nRw159m1uwn8

INICIO: 10 DE LA MAÑANA 

FINAL: 12 MEDIODÍA 

🧍🏻‍♂️1 PERSONA: 15 MIL COLONES

🧍🏻‍♂️🧍🏻‍♂️2 PERSONAS: 25 MIL COLONES 

🧍🏻‍♂️🧍🏻‍♂️🧍🏻‍♂️3 PERSONAS: 30 MIL COLONES 

 (se paga hasta ese mismo día en efectivo) 

INCLUYE:
📚 Cita para el examen teórico 
📚 Videos de las clases grabadas por capítulos 
📚 Metodología de estudio en línea por 10 días posterior a la clase presencial
📚 Audio resumen del manual del conductor version 2025 
📚 Resumen actualizado del libro en pdf versión 2025 
📚 Manual del conductor en pdf versión 2025 
📚 Audiolibro del manual del conductor versión 2025 
📚 Guía de estudio de alto rendimiento
📚 Prácticas de examen en línea con revisión inmediata
📚 Explicación de preguntas en línea de manera automática
📚 Servicio de tutoria vía WhatsApp para atención de dudas y preguntas

Más info al: 50 01 01 01","Para reservar su espacio solo debe unirse al grupo

Imagen=1Tj0qc1oEUp0Ywh2-gvK8L6s6ttg6oHyu",👇🏻👇🏻👇🏻👇🏻👇🏻,https://chat.whatsapp.com/KeVGsI3Rr9F9mby08MGPNg?mode=ac_t,"Esta es la información del último curso que tuvimos.

Apenas tenga una fecha establecida para el próximo curso le estaré avisando

Bendiciones "
PUNTARENAS,"🚔🚔 PUNTARENAS 🚔🚔

CURSO TEÓRICO PARA LICENCIAS

FECHA: DOMINGO 24 DE MAYO

🇨🇷ÚNICO DÍA🇨🇷

ENLACE: https://chat.whatsapp.com/KXWpnJWoYrC9sh2fggJxYF

LUGAR:  COLEGIO DE ABOGADOS EN CHACARITA, FRENTE A FERTICA

UBICACIÓN: https://maps.app.goo.gl/5vgme1LBg8j5jRkq5

INICIO: 5 DE LA TARDE 

FINAL: 7 DE LA NOCHE

🧍🏻‍♂️1 PERSONA: 15 MIL COLONES

🧍🏻‍♂️🧍🏻‍♂️2 PERSONAS: 25 MIL COLONES 

🧍🏻‍♂️🧍🏻‍♂️🧍🏻‍♂️3 PERSONAS: 30 MIL COLONES 

 (se paga hasta ese mismo día en efectivo) 

INCLUYE:
📚 Cita para el examen teórico 
📚 Metodología de estudio en línea por 6 días posterior a la clase presencial
📚 Audio resumen del manual del conductor version 2026 
📚 Resumen actualizado del libro en pdf versión 2026 
📚 Manual del conductor en pdf versión 2026 
📚 Audiolibro del manual del conductor versión 2026 
📚 Guía de estudio de alto rendimiento
📚 Prácticas de examen en línea con revisión inmediata
📚 Explicación de preguntas en línea de manera automática
📚 Servicio de tutoria vía WhatsApp para atención de dudas y preguntas

Más info al: 50 01 01 01","Para reservar su espacio solo debe unirse al grupo

Imagen=1Tj0qc1oEUp0Ywh2-gvK8L6s6ttg6oHyu",👇🏻👇🏻👇🏻👇🏻👇🏻,https://chat.whatsapp.com/KXWpnJWoYrC9sh2fggJxYF,
QUEPOS,"🚔🚔 QUEPOS 🚔🚔

CURSO TEÓRICO PARA LICENCIAS

FECHA: SÁBADO 20 DE DICIEMBRE 

🇨🇷ÚNICO DÍA🇨🇷

ENLACE: https://chat.whatsapp.com/IRCKyKAcgKwD4oG3l4dM30?mode=hqrt3

LUGAR:  ""Iglesia Cuadrangular tabernáculo de Vida Quepos"". Barrio Bella Vista 150 metros norte del Supermercado Copeacri. Iglesia esquinera

UBICACIÓN: https://maps.app.goo.gl/PNs5ymCWzswnNigh8

INICIO: 4 DE LA TARDE 

FINAL: 6 DE LA TARDE 

🧍🏻‍♂️1 PERSONA: 15 MIL COLONES

🧍🏻‍♂️🧍🏻‍♂️2 PERSONAS: 25 MIL COLONES 

🧍🏻‍♂️🧍🏻‍♂️🧍🏻‍♂️3 PERSONAS: 30 MIL COLONES 

 (se paga hasta ese mismo día en efectivo) 

INCLUYE:
📚 Cita para el examen teórico 
📚 Videos de las clases grabadas por capítulos 
📚 Metodología de estudio en línea por 10 días posterior a la clase presencial
📚 Audio resumen del manual del conductor version 2025 
📚 Resumen actualizado del libro en pdf versión 2025 
📚 Manual del conductor en pdf versión 2025 
📚 Audiolibro del manual del conductor versión 2025 
📚 Guía de estudio de alto rendimiento
📚 Prácticas de examen en línea con revisión inmediata
📚 Explicación de preguntas en línea de manera automática
📚 Servicio de tutoria vía WhatsApp para atención de dudas y preguntas

Más info al: 50 01 01 01","Para reservar su espacio solo debe unirse al grupo

Imagen=1Tj0qc1oEUp0Ywh2-gvK8L6s6ttg6oHyu",👇🏻👇🏻👇🏻👇🏻👇🏻,https://chat.whatsapp.com/IRCKyKAcgKwD4oG3l4dM30?mode=hqrt3,"Esta es la información del último curso que tuvimos.

Apenas tenga una fecha establecida para el próximo curso le estaré avisando

Bendiciones "
RIO NEGRO,"CURSO TEÓRICO PARA LICENCIAS

🚔🚔 RÍO NEGRO, AGUAS CLARAS🚔🚔

FECHA: SÁBADO 15 DE FEBRERO 

🇨🇷ÚNICO DÍA🇨🇷

ENLACE: https://chat.whatsapp.com/HxYfw85EWXaBFzkxKIoAeZ

LUGAR: SALÓN COMUNAL DE RIO NEGRO, AGUAS CLARAS

UBICACIÓN: 

INICIO: 1 DE LA TARDE 

FINAL: 3 DE LA TARDE 

🚶🏻‍♂️INDIVIDUAL : 15 MIL COLONES

🚶🏻‍♂️🚶🏻‍♂️+🏃🏻‍♂️ PRECIO SOLIDARIO: dos personas pagan y el tercero ingresa gratis 

 (se paga hasta ese mismo día en efectivo) 

INCLUYE:
📚 Cita para el examen teórico 
📚 Videos de las clases grabadas por capítulos 
📚 Metodología de estudio en línea por 10 días posterior a la clase presencial
📚 Audio resumen del manual del conductor version 2025
📚 Resumen actualizado del libro en pdf versión 2025
📚 Manual del conductor en pdf versión 2025
📚 Audiolibro del manual del conductor versión 2025
📚 Guía de estudio de alto rendimiento
📚 Prácticas de examen en línea con revisión inmediata
📚 Explicación de preguntas en línea de manera automática
📚 Servicio de tutoria vía WhatsApp para atención de dudas y preguntas

Más info al: 50010101 ","Para reservar su espacio solo debe unirse al grupo

Imagen=1Tj0qc1oEUp0Ywh2-gvK8L6s6ttg6oHyu",👇🏻👇🏻👇🏻👇🏻👇🏻,https://chat.whatsapp.com/HxYfw85EWXaBFzkxKIoAeZ,"Esta es la información del último curso que tuvimos.

Apenas tenga una fecha establecida para el próximo curso le estaré avisando

Bendiciones "
SÁMARA,"🚔🚔 SÁMARA 🚔🚔

CURSO TEÓRICO PARA LICENCIAS

FECHA: DOMINGO 11 DE ENERO 

🇨🇷ÚNICO DÍA🇨🇷

ENLACE: https://chat.whatsapp.com/DlQEql6bfoT5uyStQRtZa6?mode=hqrt3

LUGAR:  SALÓN COMUNAL SÁMARA

UBICACIÓN: https://maps.app.goo.gl/LUzAHWTPgxsLekER6

INICIO: 11 DE LA MAÑANA 

FINAL: 1 DE LA TARDE

🧍🏻‍♂️1 PERSONA: 15 MIL COLONES

🧍🏻‍♂️🧍🏻‍♂️2 PERSONAS: 25 MIL COLONES 

🧍🏻‍♂️🧍🏻‍♂️🧍🏻‍♂️3 PERSONAS: 30 MIL COLONES 

 (se paga hasta ese mismo día en efectivo) 

INCLUYE:
📚 Cita para el examen teórico 
📚 Videos de las clases grabadas por capítulos 
📚 Metodología de estudio en línea por 10 días posterior a la clase presencial
📚 Audio resumen del manual del conductor version 2026
📚 Resumen actualizado del libro en pdf versión 2026 
📚 Manual del conductor en pdf versión 2026 
📚 Audiolibro del manual del conductor versión 2026 
📚 Guía de estudio de alto rendimiento
📚 Prácticas de examen en línea con revisión inmediata
📚 Explicación de preguntas en línea de manera automática
📚 Servicio de tutoria vía WhatsApp para atención de dudas y preguntas

Más info al: 50 01 01 01","Para reservar su espacio solo debe unirse al grupo

Imagen=1Tj0qc1oEUp0Ywh2-gvK8L6s6ttg6oHyu",👇🏻👇🏻👇🏻👇🏻👇🏻,https://chat.whatsapp.com/DlQEql6bfoT5uyStQRtZa6?mode=hqrt3,"Esta es la información del último curso que tuvimos.

Apenas tenga una fecha establecida para el próximo curso le estaré avisando

Bendiciones "
SAN JOSE,"🚔🚔 SAN JOSÉ 🚔🚔

CURSO TEÓRICO PARA LICENCIAS

FECHA:  SÁBADO 28 DE MARZO

🇨🇷ÚNICO DÍA🇨🇷

ENLACE: https://chat.whatsapp.com/LWOvT0UY5FNBbxiBOwhsQV?mode=gi_t

LUGAR: IGLESIA LA SOLEDAD EN BARRIO CHINO 

UBICACIÓN: https://maps.app.goo.gl/KiVEdhPamHZpq2qL8

INICIO: 1 DE LA TARDE 

FINAL: 3 DE LA TARDE 

🧍🏻‍♂️1 PERSONA: 15 MIL COLONES

🧍🏻‍♂️🧍🏻‍♂️2 PERSONAS: 25 MIL COLONES 

🧍🏻‍♂️🧍🏻‍♂️🧍🏻‍♂️3 PERSONAS: 30 MIL COLONES 

 (se paga hasta ese mismo día en efectivo) 

INCLUYE:
📚 Cita para el examen teórico 
📚 Videos de las clases grabadas por capítulos 
📚 Metodología de estudio en línea por 10 días posterior a la clase presencial
📚 Audio resumen del manual del conductor version 2026
📚 Resumen actualizado del libro en pdf versión 2026 
📚 Manual del conductor en pdf versión 2026 
📚 Audiolibro del manual del conductor versión 2026 
📚 Guía de estudio de alto rendimiento
📚 Prácticas de examen en línea con revisión inmediata
📚 Explicación de preguntas en línea de manera automática
📚 Servicio de tutoria vía WhatsApp para atención de dudas y preguntas

Más info al: 50 01 01 01","Para reservar su espacio solo debe unirse al grupo

Imagen=1Tj0qc1oEUp0Ywh2-gvK8L6s6ttg6oHyu",👇🏻👇🏻👇🏻👇🏻👇🏻,https://chat.whatsapp.com/LWOvT0UY5FNBbxiBOwhsQV?mode=gi_t,
SAN RAMÓN,"🚔🚔 SAN RAMÓN 🚔🚔

CURSO TEÓRICO PARA LICENCIAS

FECHA: SÁBADO 09 DE MAYO

🇨🇷ÚNICO DÍA🇨🇷

ENLACE: https://chat.whatsapp.com/Fyqq9RJVpvM5OBIjChjint?mode=gi_t

LUGAR:   AUDITORIO IGLESIA PAN DE VIDA. DEL COLEGIO LINSA 100 METROS AL OESTE. LOS JARDINES, SAN JUAN 

UBICACIÓN: https://maps.app.goo.gl/3UfSMKtdWSiNbMtE9?g_st=aw

INICIO: 1 DE LA TARDE 

FINAL: 3 DE LA TARDE

🧍🏻‍♂️1 PERSONA: 15 MIL COLONES

🧍🏻‍♂️🧍🏻‍♂️2 PERSONAS: 25 MIL COLONES 

🧍🏻‍♂️🧍🏻‍♂️🧍🏻‍♂️3 PERSONAS: 30 MIL COLONES 

 (se paga hasta ese mismo día en efectivo) 

INCLUYE:
📚 Cita para el examen teórico 
📚 Metodología de estudio en línea por 6 días posterior a la clase presencial
📚 Audio resumen del manual del conductor version 2026
📚 Resumen actualizado del libro en pdf versión 2026 
📚 Manual del conductor en pdf versión 2026 
📚 Audiolibro del manual del conductor versión 2026 
📚 Guía de estudio de alto rendimiento
📚 Prácticas de examen en línea con revisión inmediata
📚 Explicación de preguntas en línea de manera automática
📚 Servicio de tutoria vía WhatsApp para atención de dudas y preguntas

Más info al: 50 01 01 01","Para reservar su espacio solo debe unirse al grupo

Imagen=1Tj0qc1oEUp0Ywh2-gvK8L6s6ttg6oHyu",👇🏻👇🏻👇🏻👇🏻👇🏻,https://chat.whatsapp.com/Fyqq9RJVpvM5OBIjChjint?mode=gi_t,
SAN VITO,"🚔🚔 SAN VITO 🚔🚔

CURSO TEÓRICO PARA LICENCIAS

FECHA: SÁBADO 28 DE MARZO

🇨🇷ÚNICO DÍA🇨🇷

ENLACE: https://chat.whatsapp.com/EkYBKVTeEkwG61DcafyowV?mode=gi_t

LUGAR:  AUDITORIO IGLESIA LA GRAN COSECHA. 50 OESTE DEL SERVICENTRO DE COTO BRUS

UBICACIÓN: https://maps.app.goo.gl/9bYnqBjdCjs6qaS86

INICIO: 6 DE LA TARDE 

FINAL: 8 DE LA NOCHE

🧍🏻‍♂️1 PERSONA: 15 MIL COLONES

🧍🏻‍♂️🧍🏻‍♂️2 PERSONAS: 25 MIL COLONES 

🧍🏻‍♂️🧍🏻‍♂️🧍🏻‍♂️3 PERSONAS: 30 MIL COLONES 

 (se paga hasta ese mismo día en efectivo) 

INCLUYE:
📚 Cita para el examen teórico 
📚 Videos de las clases grabadas por capítulos 
📚 Metodología de estudio en línea por 10 días posterior a la clase presencial
📚 Audio resumen del manual del conductor version 2026 
📚 Resumen actualizado del libro en pdf versión 2026 
📚 Manual del conductor en pdf versión 2026
📚 Audiolibro del manual del conductor versión 2026 
📚 Guía de estudio de alto rendimiento
📚 Prácticas de examen en línea con revisión inmediata
📚 Explicación de preguntas en línea de manera automática
📚 Servicio de tutoria vía WhatsApp para atención de dudas y preguntas

Más info al: 50 01 01 01","Para reservar su espacio solo debe unirse al grupo

Imagen=1Tj0qc1oEUp0Ywh2-gvK8L6s6ttg6oHyu",👇🏻👇🏻👇🏻👇🏻👇🏻,https://chat.whatsapp.com/EkYBKVTeEkwG61DcafyowV?mode=gi_t,
SANTA CRUZ,"🚔🚔 SANTA CRUZ 🚔🚔

CURSO TEÓRICO PARA LICENCIAS

FECHA: VIERNES 08 DE MAYO 

🇨🇷ÚNICO DÍA🇨🇷

ENLACE: https://chat.whatsapp.com/FYGCOve1NyIFIif8rXjPUE?mode=gi_t

LUGAR:  AUDITORIO IGLESIA METODISTA COSTADO SUR DE LA ESCUELA MARIA LEAL, BARRIO TENORIO.

UBICACIÓN: https://maps.app.goo.gl/pdvwECjdF5uQeunD7

INICIO: 5 DE LA TARDE 

FINAL: 7 DE LA NOCHE 

🧍🏻‍♂️1 PERSONA: 15 MIL COLONES

🧍🏻‍♂️🧍🏻‍♂️2 PERSONAS: 25 MIL COLONES 

🧍🏻‍♂️🧍🏻‍♂️🧍🏻‍♂️3 PERSONAS: 30 MIL COLONES 

 (se paga hasta ese mismo día en efectivo) 

INCLUYE:
📚 Cita para el examen teórico 
📚 Metodología de estudio en línea por 6 días posterior a la clase presencial
📚 Audio resumen del manual del conductor version 2026 
📚 Resumen actualizado del libro en pdf versión 2026 
📚 Manual del conductor en pdf versión 2026 
📚 Audiolibro del manual del conductor versión 2026 
📚 Guía de estudio de alto rendimiento
📚 Prácticas de examen en línea con revisión inmediata
📚 Explicación de preguntas en línea de manera automática
📚 Servicio de tutoria vía WhatsApp para atención de dudas y preguntas

Más info al: 50 01 01 01","Para reservar su espacio solo debe unirse al grupo

Imagen=1Tj0qc1oEUp0Ywh2-gvK8L6s6ttg6oHyu",👇🏻👇🏻👇🏻👇🏻👇🏻,https://chat.whatsapp.com/FYGCOve1NyIFIif8rXjPUE?mode=gi_t,
SARAPIQUI,"🚔🚔 SARAPIQUI 🚔🚔

CURSO TEÓRICO PARA LICENCIAS

FECHA: VIERNES 24 DE ABRIL

🇨🇷ÚNICO DÍA🇨🇷

ENLACE: https://chat.whatsapp.com/CyoNCSjEPna9ehICJY71vQ?mode=gi_t

LUGAR: IGLESIA CRISTIANA VIDA NUEVA. FRENTE AL MAG

UBICACIÓN: https://maps.app.goo.gl/N7yMf1gifTTDTHkp7

INICIO: 5 DE LA TARDE 

FINAL:  7 DE LA NOCHE 

🧍🏻‍♂️1 PERSONA: 15 MIL COLONES

🧍🏻‍♂️🧍🏻‍♂️2 PERSONAS: 25 MIL COLONES 

🧍🏻‍♂️🧍🏻‍♂️🧍🏻‍♂️3 PERSONAS: 30 MIL COLONES 

 (se paga hasta ese mismo día en efectivo) 

INCLUYE:
📚 Cita para el examen teórico 
📚 Metodología de estudio en línea por 6 días posterior a la clase presencial
📚 Audio resumen del manual del conductor version 2026 
📚 Resumen actualizado del libro en pdf versión 2026 
📚 Manual del conductor en pdf versión 2026 
📚 Audiolibro del manual del conductor versión 2026
📚 Guía de estudio de alto rendimiento
📚 Prácticas de examen en línea con revisión inmediata
📚 Explicación de preguntas en línea de manera automática
📚 Servicio de tutoria vía WhatsApp para atención de dudas y preguntas

Más info al: 50 01 01 01","Para reservar su espacio solo debe unirse al grupo

Imagen=1Tj0qc1oEUp0Ywh2-gvK8L6s6ttg6oHyu",👇🏻👇🏻👇🏻👇🏻👇🏻,https://chat.whatsapp.com/CyoNCSjEPna9ehICJY71vQ?mode=gi_t,
SARDINAL,"🚔🚔 SARDINAL 🚔🚔

CURSO TEÓRICO PARA LICENCIAS

FECHA: VIERNES 06 DE FEBRERO 

🇨🇷ÚNICO DÍA🇨🇷

ENLACE: https://chat.whatsapp.com/KU1pS26hCkU64prK4uhdnI

LUGAR:  IGLESIA BÍBLICA EL MANANTIAL. De TWENTYS, 50 AL OESTE Y 100 SUR

UBICACIÓN: https://maps.app.goo.gl/CxZT9pusfyrUiwRGA

INICIO: 5 DE LA TARDE 

FINAL: 7 DE LA NOCHE 

🧍🏻‍♂️1 PERSONA: 15 MIL COLONES

🧍🏻‍♂️🧍🏻‍♂️2 PERSONAS: 25 MIL COLONES 

🧍🏻‍♂️🧍🏻‍♂️🧍🏻‍♂️3 PERSONAS: 30 MIL COLONES 

 (se paga hasta ese mismo día en efectivo) 

INCLUYE:
📚 Cita para el examen teórico 
📚 Videos de las clases grabadas por capítulos 
📚 Metodología de estudio en línea por 10 días posterior a la clase presencial
📚 Audio resumen del manual del conductor version 2026 
📚 Resumen actualizado del libro en pdf versión 2026 
📚 Manual del conductor en pdf versión 2026 
📚 Audiolibro del manual del conductor versión 2026 
📚 Guía de estudio de alto rendimiento
📚 Prácticas de examen en línea con revisión inmediata
📚 Explicación de preguntas en línea de manera automática
📚 Servicio de tutoria vía WhatsApp para atención de dudas y preguntas

Más info al: 50 01 01 01","Para reservar su espacio solo debe unirse al grupo

Imagen=1Tj0qc1oEUp0Ywh2-gvK8L6s6ttg6oHyu",👇🏻👇🏻👇🏻👇🏻👇🏻,https://chat.whatsapp.com/KU1pS26hCkU64prK4uhdnI,"Esta es la información del último curso que tuvimos.

Apenas tenga una fecha establecida para el próximo curso le estaré avisando

Bendiciones "
SIQUIRRES,"🚔🚔 SIQUIRRES 🚔🚔

CURSO TEÓRICO PARA LICENCIAS

FECHA: SÁBADO 25 DE ABRIL 

🇨🇷ÚNICO DÍA🇨🇷

ENLACE: https://chat.whatsapp.com/KijGNHc03Xj6JdufXc3Ewa?mode=gi_t

LUGAR:  RESTAURANTE CARIBEAN DISH. CONTIGUO A LLANTERA GUARAPO

UBICACIÓN: https://maps.app.goo.gl/D4EyTaZN6bomoGQu9

INICIO: 9 DE LA MAÑANA 

FINAL: 11 DE LA MAÑANA 

🧍🏻‍♂️1 PERSONA: 15 MIL COLONES

🧍🏻‍♂️🧍🏻‍♂️2 PERSONAS: 25 MIL COLONES 

🧍🏻‍♂️🧍🏻‍♂️🧍🏻‍♂️3 PERSONAS: 30 MIL COLONES 

 (se paga hasta ese mismo día en efectivo) 

INCLUYE:
📚 Cita para el examen teórico
📚 Metodología de estudio en línea por 6 días posterior a la clase presencial
📚 Audio resumen del manual del conductor version 2026 
📚 Resumen actualizado del libro en pdf versión 2026 
📚 Manual del conductor en pdf versión 2026 
📚 Audiolibro del manual del conductor versión 2026 
📚 Guía de estudio de alto rendimiento
📚 Prácticas de examen en línea con revisión inmediata
📚 Explicación de preguntas en línea de manera automática
📚 Servicio de tutoria vía WhatsApp para atención de dudas y preguntas

Más info al: 50 01 01 01","Para reservar su espacio solo debe unirse al grupo

Imagen=1Tj0qc1oEUp0Ywh2-gvK8L6s6ttg6oHyu",👇🏻👇🏻👇🏻👇🏻👇🏻,https://chat.whatsapp.com/KijGNHc03Xj6JdufXc3Ewa?mode=gi_t,
TEMPATE,"🚔🚔 TEMPATE 🚔🚔

CURSO TEÓRICO PARA LICENCIAS

FECHA: DOMINGO 12 DE ABRIL 

🇨🇷ÚNICO DÍA🇨🇷

ENLACE: https://chat.whatsapp.com/BssQbDf5uleKcqhBOW3Tty?mode=gi_t

LUGAR: SALÓN COMUNAL TEMPATE

UBICACIÓN: https://maps.app.goo.gl/2VeKGbpkByb4kjZz8

INICIO: 4 DE LA TARDE 

FINAL: 6 DE LA TARDE 

🧍🏻‍♂️1 PERSONA: 15 MIL COLONES

🧍🏻‍♂️🧍🏻‍♂️2 PERSONAS: 25 MIL COLONES 

🧍🏻‍♂️🧍🏻‍♂️🧍🏻‍♂️3 PERSONAS: 30 MIL COLONES 

 (se paga hasta ese mismo día en efectivo) 

INCLUYE:
📚 Cita para el examen teórico 
📚 Metodología de estudio en línea por 6 días posterior a la clase presencial
📚 Audio resumen del manual del conductor version 2026
📚 Resumen actualizado del libro en pdf versión 2026 
📚 Manual del conductor en pdf versión 2026 
📚 Audiolibro del manual del conductor versión 2026 
📚 Guía de estudio de alto rendimiento
📚 Prácticas de examen en línea con revisión inmediata
📚 Explicación de preguntas en línea de manera automática
📚 Servicio de tutoria vía WhatsApp para atención de dudas y preguntas

Más info al: 50 01 01 01","Para reservar su espacio solo debe unirse al grupo

Imagen=1Tj0qc1oEUp0Ywh2-gvK8L6s6ttg6oHyu",👇🏻👇🏻👇🏻👇🏻👇🏻,https://chat.whatsapp.com/BssQbDf5uleKcqhBOW3Tty?mode=gi_t,
TIBAS,"🚔🚔 HEREDIA 🚔🚔

CURSO TEÓRICO PARA LICENCIAS

FECHA: SÁBADO 25 DE OCTUBRE 

🇨🇷ÚNICO DÍA🇨🇷

ENLACE: https://chat.whatsapp.com/GrINj1vrSrW8lFG1KBxbS7?mode=wwt

LUGAR:  AUDITORIO IGLESIA CASA DE RESTAURACIÓN EN LA AURORA DE HEREDIA. DEL PALÍ 300 METROS NORTE. CONTIGUO A TORRES PIZZA

UBICACIÓN: https://maps.app.goo.gl/Dz8pDsxxkxwAosjZ9

INICIO: 5 DE LA TARDE 

FINAL: 7 DE LA NOCHE 

🧍🏻‍♂️1 PERSONA: 15 MIL COLONES

🧍🏻‍♂️🧍🏻‍♂️2 PERSONAS: 25 MIL COLONES 

🧍🏻‍♂️🧍🏻‍♂️🧍🏻‍♂️3 PERSONAS: 30 MIL COLONES 

 (se paga hasta ese mismo día en efectivo) 

INCLUYE:
📚 Cita para el examen teórico 
📚 Videos de las clases grabadas por capítulos 
📚 Metodología de estudio en línea por 10 días posterior a la clase presencial
📚 Audio resumen del manual del conductor version 2025 
📚 Resumen actualizado del libro en pdf versión 2025 
📚 Manual del conductor en pdf versión 2025 
📚 Audiolibro del manual del conductor versión 2025 
📚 Guía de estudio de alto rendimiento
📚 Prácticas de examen en línea con revisión inmediata
📚 Explicación de preguntas en línea de manera automática
📚 Servicio de tutoria vía WhatsApp para atención de dudas y preguntas

Más info al: 50 01 01 01","Para reservar su espacio solo debe unirse al grupo

Imagen=1Tj0qc1oEUp0Ywh2-gvK8L6s6ttg6oHyu",👇🏻👇🏻👇🏻👇🏻👇🏻,https://chat.whatsapp.com/GrINj1vrSrW8lFG1KBxbS7?mode=wwt,"Esta es la información del último curso que tuvimos.

Apenas tenga una fecha establecida para el próximo curso le estaré avisando

Bendiciones "
TILARAN,"🚔🚔 TILARÁN 🚔🚔

CURSO TEÓRICO PARA LICENCIAS

FECHA: SÁBADO 28 DE FEBRERO 

🇨🇷ÚNICO DÍA🇨🇷

ENLACE: https://chat.whatsapp.com/KgLCgAY1BRD195nCSjWlnx?mode=gi_t

LUGAR:  SALÓN COMUNAL DE BARRIO EL CARMEN 

UBICACIÓN: https://maps.app.goo.gl/Tw4tJQivktv9WzU59

INICIO: 6 DE LA TARDE 

FINAL: 8 DE LA NOCHE 

🧍🏻‍♂️1 PERSONA: 15 MIL COLONES

🧍🏻‍♂️🧍🏻‍♂️2 PERSONAS: 25 MIL COLONES 

🧍🏻‍♂️🧍🏻‍♂️🧍🏻‍♂️3 PERSONAS: 30 MIL COLONES 

 (se paga hasta ese mismo día en efectivo) 

INCLUYE:
📚 Cita para el examen teórico 
📚 Videos de las clases grabadas por capítulos 
📚 Metodología de estudio en línea por 10 días posterior a la clase presencial
📚 Audio resumen del manual del conductor version 2026
📚 Resumen actualizado del libro en pdf versión 2026
📚 Manual del conductor en pdf versión 2026
📚 Audiolibro del manual del conductor versión 2026
📚 Guía de estudio de alto rendimiento
📚 Prácticas de examen en línea con revisión inmediata
📚 Explicación de preguntas en línea de manera automática
📚 Servicio de tutoria vía WhatsApp para atención de dudas y preguntas

Más info al: 50 01 01 01","Para reservar su espacio solo debe unirse al grupo

Imagen=1Tj0qc1oEUp0Ywh2-gvK8L6s6ttg6oHyu",👇🏻👇🏻👇🏻👇🏻👇🏻,https://chat.whatsapp.com/KgLCgAY1BRD195nCSjWlnx?mode=gi_t,"Esta es la información del último curso que tuvimos.

Apenas tenga una fecha establecida para el próximo curso le estaré avisando

Bendiciones "
TRES RIOS,"CURSO TEÓRICO PARA LICENCIAS

🚔🚔 TRES RÍOS 🚔🚔

FECHA: SÁBADO 17 DE MAYO 

🇨🇷ÚNICO DÍA🇨🇷

ENLACE: https://chat.whatsapp.com/CCP6WlHuLtM3N3rHCNKJ5r

LUGAR:   VISION DE REINO. 
CALLE GIRALES. SAN DIEGO DE TRES RÍOS. CONTIGUO A SUPER NAIA.

UBICACIÓN: https://maps.app.goo.gl/jmxzm5RWFDqG152t9

INICIO: 2 DE LA TARDE

FINAL: 4 DE LA TARDE 

🧍🏻‍♂️1 PERSONA: 15 MIL COLONES

🧍🏻‍♂️🧍🏻‍♂️2 PERSONAS: 25 MIL COLONES 

🧍🏻‍♂️🧍🏻‍♂️🧍🏻‍♂️3 PERSONAS: 30 MIL COLONES 

 (se paga hasta ese mismo día en efectivo) 

INCLUYE:
📚 Cita para el examen teórico 
📚 Videos de las clases grabadas por capítulos 
📚 Metodología de estudio en línea por 10 días posterior a la clase presencial
📚 Audio resumen del manual del conductor version 2025 
📚 Resumen actualizado del libro en pdf versión 2025 
📚 Manual del conductor en pdf versión 2025 
📚 Audiolibro del manual del conductor versión 2025 
📚 Guía de estudio de alto rendimiento
📚 Prácticas de examen en línea con revisión inmediata
📚 Explicación de preguntas en línea de manera automática
📚 Servicio de tutoria vía WhatsApp para atención de dudas y preguntas

Más info al: 50 01 01 01","Para reservar su espacio solo debe unirse al grupo

Imagen=1Tj0qc1oEUp0Ywh2-gvK8L6s6ttg6oHyu",👇🏻👇🏻👇🏻👇🏻👇🏻,https://chat.whatsapp.com/CCP6WlHuLtM3N3rHCNKJ5r,"Esta es la información del último curso que tuvimos.

Apenas tenga una fecha establecida para el próximo curso le estaré avisando

Bendiciones "
UPALA,"🚔🚔 UPALA 🚔🚔

CURSO TEÓRICO PARA LICENCIAS

FECHA: DOMINGO 26 DE ABRIL 

🇨🇷ÚNICO DÍA🇨🇷

ENLACE: https://chat.whatsapp.com/EtaPDZt0O9hLDItVKspQ8N?mode=gi_t

LUGAR:  RANCHO DIVERSIONES JADE. BARRIO LAS PALMAS,100 METROS NORTE DEL SÚPER LAS PALMAS ENTRADA A MANO IZQUIERDA DIAGONAL A LA ENTRADA A CEPROMA LA PALMERA (ANTIGUO CNP)

UBICACIÓN: https://maps.app.goo.gl/Y5MJgZfGvgjbX3ZY9

INICIO: 1 DE LA TARDE 

FINAL: 3 DE LA TARDE 

🧍🏻‍♂️1 PERSONA: 15 MIL COLONES

🧍🏻‍♂️🧍🏻‍♂️2 PERSONAS: 25 MIL COLONES 

🧍🏻‍♂️🧍🏻‍♂️🧍🏻‍♂️3 PERSONAS: 30 MIL COLONES 

 (se paga hasta ese mismo día en efectivo) 

INCLUYE:
📚 Cita para el examen teórico 
📚 Metodología de estudio en línea por 6 días posterior a la clase presencial
📚 Audio resumen del manual del conductor version 2026
📚 Resumen actualizado del libro en pdf versión 2026 
📚 Manual del conductor en pdf versión 2026 
📚 Audiolibro del manual del conductor versión 2026
📚 Guía de estudio de alto rendimiento
📚 Prácticas de examen en línea con revisión inmediata
📚 Explicación de preguntas en línea de manera automática
📚 Servicio de tutoria vía WhatsApp para atención de dudas y preguntas

Más info al: 50 01 01 01","Para reservar su espacio solo debe unirse al grupo

Imagen=1Tj0qc1oEUp0Ywh2-gvK8L6s6ttg6oHyu",👇🏻👇🏻👇🏻👇🏻👇🏻,https://chat.whatsapp.com/EtaPDZt0O9hLDItVKspQ8N?mode=gi_t,
UVITA,"CURSO TEÓRICO PARA LICENCIAS

🚔🚔 UVITA 🚔🚔

FECHA: VIERNES 06 DE SETIEMBRE 

🇨🇷ÚNICO DÍA🇨🇷

ENLACE: https://chat.whatsapp.com/Iqzy86PUfxqAXZ3ViqbZJj

LUGAR:  AUDITORIO IGLESIA DE LA COSTA. CONTIGUO AL SERVICENTRO BAHÍA EN UVITA

UBICACIÓN: https://maps.app.goo.gl/QYjDVpXYVVt9HeQh7

INICIO: 5 DE LA TARDE 

FINAL: 7 DE LA NOCHE 

🚶🏻‍♂️INDIVIDUAL : 15 MIL COLONES

🚶🏻‍♂️🚶🏻‍♂️+🏃🏻‍♂️ PRECIO SOLIDARIO: dos personas pagan y el tercero ingresa gratis 

 (se paga hasta ese mismo día en efectivo) 

INCLUYE:
📚 Cita para el examen teórico 
📚 Videos de las clases grabadas por capítulos 
📚 Metodología de estudio en línea por 10 días posterior a la clase presencial
📚 Audio resumen del manual del conductor version 2024
📚 Resumen actualizado del libro en pdf versión 2024
📚 Manual del conductor en pdf versión 2024
📚 Audiolibro del manual del conductor versión 2024
📚 Guía de estudio de alto rendimiento
📚 Prácticas de examen en línea con revisión inmediata
📚 Explicación de preguntas en línea de manera automática
📚 Servicio de tutoria vía WhatsApp para atención de dudas y preguntas

Más info al: 89109995","Para reservar su espacio solo debe unirse al grupo

Imagen=1Tj0qc1oEUp0Ywh2-gvK8L6s6ttg6oHyu",👇🏻👇🏻👇🏻👇🏻👇🏻,https://chat.whatsapp.com/Iqzy86PUfxqAXZ3ViqbZJj,"Esta es la información del último curso que tuvimos.

Apenas tenga una fecha establecida para el próximo curso le estaré avisando

Bendiciones "
VALLE ESTRELLA,"🚔🚔 VALLE LA ESTRELLA 🚔🚔

CURSO TEÓRICO PARA LICENCIAS

FECHA: SÁBADO 25 DE ABRIL

🇨🇷ÚNICO DÍA🇨🇷

ENLACE: https://chat.whatsapp.com/GoIWIbU3CyW1NOoo0apK4d?mode=gi_t

LUGAR:  AUDITORIO IGLESIA DE DIOS DEL EVANGELIO COMPLETO EN LA GUARIA

UBICACIÓN: https://maps.app.goo.gl/JZ6Qrubq9oYQ7oPc6

INICIO: 12 MEDIODIA 

FINAL: 2 DE LA TARDE 

🧍🏻‍♂️1 PERSONA: 15 MIL COLONES

🧍🏻‍♂️🧍🏻‍♂️2 PERSONAS: 25 MIL COLONES 

🧍🏻‍♂️🧍🏻‍♂️🧍🏻‍♂️3 PERSONAS: 30 MIL COLONES 

 (se paga hasta ese mismo día en efectivo) 

INCLUYE:
📚 Cita para el examen teórico 
📚 Metodología de estudio en línea por 6 días posterior a la clase presencial
📚 Audio resumen del manual del conductor version 2026 
📚 Resumen actualizado del libro en pdf versión 2026 
📚 Manual del conductor en pdf versión 2026 
📚 Audiolibro del manual del conductor versión 2026 
📚 Guía de estudio de alto rendimiento
📚 Prácticas de examen en línea con revisión inmediata
📚 Explicación de preguntas en línea de manera automática
📚 Servicio de tutoria vía WhatsApp para atención de dudas y preguntas

Más info al: 50 01 01 01","Para reservar su espacio solo debe unirse al grupo

Imagen=1Tj0qc1oEUp0Ywh2-gvK8L6s6ttg6oHyu",👇🏻👇🏻👇🏻👇🏻👇🏻,https://chat.whatsapp.com/GoIWIbU3CyW1NOoo0apK4d?mode=gi_t,
ZARCERO,"🚔🚔 ZARCERO 🚔🚔

CURSO TEÓRICO PARA LICENCIAS

FECHA:  DOMINGO 10 DE MAYO

🇨🇷ÚNICO DÍA🇨🇷

ENLACE: https://chat.whatsapp.com/LlD4k61QKdl2NOvnWcA9mG?mode=gi_t

LUGAR:   Comunidad Cristiana Vida Nueva.
Asambleas de Dios. 50 mts al Sur de Coopecar R.L

UBICACIÓN: https://maps.app.goo.gl/29xcgPRhELEGSxoq5

INICIO: 2 DE LA TARDE 

FINAL: 4 DE LA TARDE 

🧍🏻‍♂️1 PERSONA: 15 MIL COLONES

🧍🏻‍♂️🧍🏻‍♂️2 PERSONAS: 25 MIL COLONES 

🧍🏻‍♂️🧍🏻‍♂️🧍🏻‍♂️3 PERSONAS: 30 MIL COLONES 

 (se paga hasta ese mismo día en efectivo) 

INCLUYE:
📚 Cita para el examen teórico 
📚 Metodología de estudio en línea por 6 días posterior a la clase presencial
📚 Audio resumen del manual del conductor version 2026
📚 Resumen actualizado del libro en pdf versión 2026 
📚 Manual del conductor en pdf versión 2026 
📚 Audiolibro del manual del conductor versión 2026 
📚 Guía de estudio de alto rendimiento
📚 Prácticas de examen en línea con revisión inmediata
📚 Explicación de preguntas en línea de manera automática
📚 Servicio de tutoria vía WhatsApp para atención de dudas y preguntas

Más info al: 50 01 01 01","Para reservar su espacio solo debe unirse al grupo

Imagen=1Tj0qc1oEUp0Ywh2-gvK8L6s6ttg6oHyu",👇🏻👇🏻👇🏻👇🏻👇🏻,https://chat.whatsapp.com/LlD4k61QKdl2NOvnWcA9mG?mode=gi_t,
LICENCIA EN LIBERIA,"Hola!!!

Mi nombre es Enrique Guzmán y estaré pendiente de su proceso de obtención de licencia®","Cuando es su prueba de manejo??? ","Donde desea realizar su prueba??? ","Ya tiene el dictamen médico??? ",
VEHICULOS AUTOMATICOS,"Hola!!!

Mi nombre es Enrique Guzmán y estaré pendiente de su proceso de obtención de licencia®","Cuando es su prueba de manejo??? ","Donde desea realizar su prueba??? ","Ya tiene el dictamen médico??? ",